index	EDU_1	EDU_2	Relation	num_of_words_1	avg_word_len_1	upcase_words_num_1	num_unique_words_1	count_words_title_1	mean_word_len_1	words_vs_unique_1	num_of_words_2	avg_word_len_2	upcase_words_num_2	num_unique_words_2	count_words_title_2	mean_word_len_2	words_vs_unique_2	bleu_score	nouns_count_1	verbs_count_1	adj_count_1	adv_count_1	aux_count_1	num_count_1	vbd_count_1	nouns_vs_words_1	adjectives_vs_words_1	verbs_vs_words_1	adp_count_1	cconj_count_1	sconj_count_1	part_count_1	pron_count_1	nouns_count_2	verbs_count_2	adj_count_2	adv_count_2	aux_count_2	num_count_2	vbd_count_2	nouns_vs_words_2	adjectives_vs_words_2	verbs_vs_words_2	adp_count_2	cconj_count_2	sconj_count_2	part_count_2	pron_count_2
0	где-нибудь в предгорьях на Кавказе	действие происходит где-нибудь на юге там	elaboration_r	5	6.0	1	5	1	6.0	1.0	6	6.0	0	6	0	6.0	1.0	0.7963330593811955	1	0	0	1	0	0	0	0.2	0.0	0.0	2	0	0	0	0	2	1	0	2	0	0	0	0.3333333333333333	0.0	0.16666666666666666	1	0	0	0	0
1	либо в средней азии	действие происходит где-нибудь на юге там	contrast_m	4	4.0	0	4	0	4.0	1.0	6	6.0	0	6	0	6.0	1.0	0.6439209162167846	1	0	1	0	0	0	0	0.25	0.25	0.0	1	1	0	0	0	2	1	0	2	0	0	0	0.3333333333333333	0.0	0.16666666666666666	1	0	0	0	0
2	который груши собирает	мужчина лет сорока пяти там	elaboration_r	3	6.666666666666667	0	3	0	6.666666666666667	1.0	5	4.6	0	5	0	4.6	1.0	0.7200822998230956	1	1	0	0	0	0	0	0.3333333333333333	0.0	0.3333333333333333	0	0	0	0	1	2	0	0	1	0	2	0	0.4	0.0	0.0	0	0	0	0	0
3	взял лестницу	мужчина лет сорока пяти там	joint_m	2	6.0	0	2	0	6.0	1.0	5	4.6	0	5	0	4.6	1.0	0.5773502691896257	1	1	0	0	0	0	0	0.5	0.0	0.5	0	0	0	0	0	2	0	0	1	0	2	0	0.4	0.0	0.0	0	0	0	0	0
4	по лестнице на дерево там	мужчина лет сорока пяти там	elaboration_r	5	4.2	0	5	0	4.2	1.0	5	4.6	0	5	0	4.6	1.0	0.816496580927726	2	0	0	1	0	0	0	0.4	0.0	0.0	2	0	0	0	0	2	0	0	1	0	2	0	0.4	0.0	0.0	0	0	0	0	0
5	на дереве очень много груш сам	мужчина лет сорока пяти там	antithesis_r	6	4.166666666666667	0	6	0	4.166666666666667	1.0	5	4.6	0	5	0	4.6	1.0	0.6888476272589829	2	0	1	2	0	0	0	0.3333333333333333	0.16666666666666666	0.0	1	0	0	0	0	2	0	0	1	0	2	0	0.4	0.0	0.0	0	0	0	0	0
6	урожай тот же	на дереве очень много груш сам	background_r	3	3.6666666666666665	0	3	0	3.6666666666666665	1.0	6	4.166666666666667	0	6	0	4.166666666666667	1.0	0.5163977794943222	1	0	0	0	0	0	0	0.3333333333333333	0.0	0.0	0	0	0	1	0	2	0	1	2	0	0	0	0.3333333333333333	0.16666666666666666	0.0	1	0	0	0	0
7	уже скоро конец лета уже	на дереве очень много груш сам	background_r	5	4.0	0	4	0	4.0	0.8	6	4.166666666666667	0	6	0	4.166666666666667	1.0	0.7302967433402214	2	0	0	3	0	0	0	0.4	0.0	0.0	0	0	0	0	0	2	0	1	2	0	0	0	0.3333333333333333	0.16666666666666666	0.0	1	0	0	0	0
8	вот так собрал там	мужчина лет сорока пяти там	sequence_m	4	3.75	0	4	0	3.75	1.0	5	4.6	0	5	0	4.6	1.0	0.769800358919501	0	1	0	2	0	0	0	0.0	0.0	0.25	0	0	0	1	0	2	0	0	1	0	2	0	0.4	0.0	0.0	0	0	0	0	0
9	две корзинки собрал	вот так собрал там	cause_r	3	5.666666666666667	0	3	0	5.666666666666667	1.0	4	3.75	0	4	0	3.75	1.0	0.7394905335190823	1	1	0	0	0	1	0	0.3333333333333333	0.0	0.3333333333333333	0	0	0	0	0	0	1	0	2	0	0	0	0.0	0.0	0.25	0	0	0	1	0
10	третью собрать не успел там	вот так собрал там	sequence_m	5	4.6	0	5	0	4.6	1.0	4	3.75	0	4	0	3.75	1.0	0.534909762711857	0	2	1	1	0	0	0	0.0	0.2	0.4	0	0	0	1	0	0	1	0	2	0	0	0	0.0	0.0	0.25	0	0	0	1	0
11	потом мальчик на велосипеде подъезжает	мужчина лет сорока пяти там	sequence_m	5	6.8	0	5	0	6.8	1.0	5	4.6	0	5	0	4.6	1.0	0.6141115238185401	2	1	0	1	0	0	0	0.4	0.0	0.2	1	0	0	0	0	2	0	0	1	0	2	0	0.4	0.0	0.0	0	0	0	0	0
12	велосипед нрзб	потом мальчик на велосипеде подъезжает	elaboration_r	2	6.5	0	2	0	6.5	1.0	5	6.8	0	5	0	6.8	1.0	0.5619514869490163	1	0	0	0	0	0	0	0.5	0.0	0.0	0	0	0	0	0	2	1	0	1	0	0	0	0.4	0.0	0.2	1	0	0	0	0
13	другой велосипед	велосипед нрзб	elaboration_r	2	7.5	0	2	0	7.5	1.0	2	6.5	0	2	0	6.5	1.0	0.7684051304872667	1	0	1	0	0	0	0	0.5	0.5	0.0	0	0	0	0	0	1	0	0	0	0	0	0	0.5	0.0	0.0	0	0	0	0	0
14	не такие	велосипед нрзб	elaboration_r	2	3.5	0	2	0	3.5	1.0	2	6.5	0	2	0	6.5	1.0	0.5976143046671969	0	0	0	0	0	0	0	0.0	0.0	0.0	0	0	0	1	0	1	0	0	0	0	0	0	0.5	0.0	0.0	0	0	0	0	0
15	как было всегда	не такие	joint_m	3	4.333333333333333	0	3	0	4.333333333333333	1.0	2	3.5	0	2	0	3.5	1.0	0.2947659609337933	0	1	0	1	0	0	0	0.0	0.0	0.3333333333333333	0	0	1	0	0	0	0	0	0	0	0	0	0.0	0.0	0.0	0	0	0	1	0
16	как в Москве там	не такие	joint_m	4	3.25	1	4	1	3.25	1.0	2	3.5	0	2	0	3.5	1.0	0.2908342346129199	0	0	0	1	0	0	0	0.0	0.0	0.0	1	0	1	0	0	0	0	0	0	0	0	0	0.0	0.0	0.0	0	0	0	1	0
17	у меня был велосипед импортный	велосипед нрзб	evidence_r	5	5.2	0	5	0	5.2	1.0	2	6.5	0	2	0	6.5	1.0	0.3073060480036786	1	1	1	0	0	0	0	0.2	0.2	0.2	1	0	0	0	1	1	0	0	0	0	0	0	0.5	0.0	0.0	0	0	0	0	0
18	националпартород стран	у меня был велосипед импортный	restatement_r	2	10.5	0	2	0	10.5	1.0	5	5.2	0	5	0	5.2	1.0	0.6324555320336759	2	0	0	0	0	0	0	1.0	0.0	0.0	0	0	0	0	0	1	1	1	0	0	0	0	0.2	0.2	0.2	1	0	0	0	1
19	мальчик взял корзину	мужчина лет сорока пяти там	sequence_m	3	6.0	0	3	0	6.0	1.0	5	4.6	0	5	0	4.6	1.0	0.7200822998230956	2	1	0	0	0	0	0	0.6666666666666666	0.0	0.3333333333333333	0	0	0	0	0	2	0	0	1	0	2	0	0.4	0.0	0.0	0	0	0	0	0
20	поставил её на передний бампер велосипеда	мальчик взял корзину	sequence_m	6	6.0	0	6	0	6.0	1.0	3	6.0	0	3	0	6.0	1.0	0.27106061490336286	2	1	1	0	0	0	0	0.3333333333333333	0.16666666666666666	0.16666666666666666	1	0	0	0	1	2	1	0	0	0	0	0	0.6666666666666666	0.0	0.3333333333333333	0	0	0	0	0
21	по-особенному поставил её	поставил её на передний бампер велосипеда	elaboration_r	3	7.666666666666667	0	3	0	7.666666666666667	1.0	6	6.0	0	6	0	6.0	1.0	0.6984302957695782	0	1	0	1	0	0	0	0.0	0.0	0.3333333333333333	0	0	0	0	1	2	1	1	0	0	0	0	0.3333333333333333	0.16666666666666666	0.16666666666666666	1	0	0	0	1
22	повёз её	мальчик взял корзину	sequence_m	2	3.5	0	2	0	3.5	1.0	3	6.0	0	3	0	6.0	1.0	0.447213595499958	0	1	0	0	0	0	0	0.0	0.0	0.5	0	0	0	0	1	2	1	0	0	0	0	0	0.6666666666666666	0.0	0.3333333333333333	0	0	0	0	0
23	едет едет там	мужчина лет сорока пяти там	sequence_m	3	3.6666666666666665	0	2	0	3.6666666666666665	0.6666666666666666	5	4.6	0	5	0	4.6	1.0	0.5443310539518174	0	2	0	1	0	0	0	0.0	0.0	0.6666666666666666	0	0	0	0	0	2	0	0	1	0	2	0	0.4	0.0	0.0	0	0	0	0	0
24	едет с горки помайне	едет едет там	background_r	4	4.25	0	4	0	4.25	1.0	3	3.6666666666666665	0	2	0	3.6666666666666665	0.6666666666666666	0.48562239187831224	1	1	0	1	0	0	0	0.25	0.0	0.25	1	0	0	0	0	0	2	0	1	0	0	0	0.0	0.0	0.6666666666666666	0	0	0	0	0
25	и едет там навстречу какая-то девочка	едет едет там	sequence_m	6	5.333333333333333	0	6	0	5.333333333333333	1.0	3	3.6666666666666665	0	2	0	3.6666666666666665	0.6666666666666666	0.15784308913485165	1	1	0	2	0	0	0	0.16666666666666666	0.0	0.16666666666666666	0	1	0	0	0	0	2	0	1	0	0	0	0.0	0.0	0.6666666666666666	0	0	0	0	0
26	за неё толкнётся	едет едет там	sequence_m	3	4.666666666666667	0	3	0	4.666666666666667	1.0	3	3.6666666666666665	0	2	0	3.6666666666666665	0.6666666666666666	0.5393642354005828	0	1	0	0	0	0	0	0.0	0.0	0.3333333333333333	1	0	0	0	1	0	2	0	1	0	0	0	0.0	0.0	0.6666666666666666	0	0	0	0	0
27	вот так	едет едет там	evaluation_r	2	3.0	0	2	0	3.0	1.0	3	3.6666666666666665	0	2	0	3.6666666666666665	0.6666666666666666	0.5547001962252291	0	0	0	1	0	0	0	0.0	0.0	0.0	0	0	0	1	0	0	2	0	1	0	0	0	0.0	0.0	0.6666666666666666	0	0	0	0	0
28	потом об камень ударил велосипед	мужчина лет сорока пяти там	sequence_m	5	5.6	0	5	0	5.6	1.0	5	4.6	0	5	0	4.6	1.0	0.7328293611703254	2	1	0	1	0	0	0	0.4	0.0	0.2	1	0	0	0	0	2	0	0	1	0	2	0	0.4	0.0	0.0	0	0	0	0	0
29	и наподжеруку доску упал	потом об камень ударил велосипед	sequence_m	4	5.25	0	4	0	5.25	1.0	5	5.6	0	5	0	5.6	1.0	0.7705517503711221	1	1	0	1	0	0	0	0.25	0.0	0.25	0	1	0	0	0	2	1	0	1	0	0	0	0.4	0.0	0.2	1	0	0	0	0
30	потом идут	мужчина лет сорока пяти там	sequence_m	2	4.5	0	2	0	4.5	1.0	5	4.6	0	5	0	4.6	1.0	0.5773502691896257	0	1	0	1	0	0	0	0.0	0.0	0.5	0	0	0	0	0	2	0	0	1	0	2	0	0.4	0.0	0.0	0	0	0	0	0
31	идут	потом идут	restatement_r	1	4.0	0	1	0	4.0	1.0	2	4.5	0	2	0	4.5	1.0	0.6324555320336759	0	1	0	0	0	0	0	0.0	0.0	1.0	0	0	0	0	0	0	1	0	1	0	0	0	0.0	0.0	0.5	0	0	0	0	0
32	три проходящих там	потом идут	joint_m	3	5.333333333333333	0	3	0	5.333333333333333	1.0	2	4.5	0	2	0	4.5	1.0	0.4262708835883467	0	1	0	1	0	1	0	0.0	0.0	0.3333333333333333	0	0	0	0	0	0	1	0	1	0	0	0	0.0	0.0	0.5	0	0	0	0	0
33	мальчики какие-то тоже там	три проходящих там	evaluation_r	4	5.75	0	4	0	5.75	1.0	3	5.333333333333333	0	3	0	5.333333333333333	1.0	0.4779076447896994	1	0	0	1	0	0	0	0.25	0.0	0.0	0	0	0	1	0	0	1	0	1	0	1	0	0.0	0.0	0.3333333333333333	0	0	0	0	0
34	либо соседи там	мальчики какие-то тоже там	evaluation_r	3	4.333333333333333	0	3	0	4.333333333333333	1.0	4	5.75	0	4	0	5.75	1.0	0.6504436355879909	1	0	0	1	0	0	0	0.3333333333333333	0.0	0.0	0	1	0	0	0	1	0	0	1	0	0	0	0.25	0.0	0.0	0	0	0	1	0
35	там вот как-то соседи там	либо соседи там	restatement_r	5	4.2	0	4	0	4.2	0.8	3	4.333333333333333	0	3	0	4.333333333333333	1.0	0.4592142315875907	1	0	0	3	0	0	0	0.2	0.0	0.0	0	0	0	1	0	1	0	0	1	0	0	0	0.3333333333333333	0.0	0.0	0	1	0	0	0
36	помогают ему собрать груши	потом идут	sequence_m	4	5.75	0	4	0	5.75	1.0	2	4.5	0	2	0	4.5	1.0	0.19153585455608457	1	2	0	0	0	0	0	0.25	0.0	0.5	0	0	0	0	1	0	1	0	1	0	0	0	0.0	0.0	0.5	0	0	0	0	0
37	собрать груши	помогают ему собрать груши	restatement_r	2	6.0	0	2	0	6.0	1.0	4	5.75	0	4	0	5.75	1.0	0.7071067811865476	1	1	0	0	0	0	0	0.5	0.0	0.5	0	0	0	0	0	1	2	0	0	0	0	0	0.25	0.0	0.5	0	0	0	0	1
38	он едет там дальше	мужчина лет сорока пяти там	sequence_m	4	3.75	0	4	0	3.75	1.0	5	4.6	0	5	0	4.6	1.0	0.6666666666666666	0	1	0	2	0	0	0	0.0	0.0	0.25	0	0	0	0	1	2	0	0	1	0	2	0	0.4	0.0	0.0	0	0	0	0	0
39	потом	он едет там дальше	sequence_m	1	5.0	0	1	0	5.0	1.0	4	3.75	0	4	0	3.75	1.0	0.408248290463863	0	0	0	1	0	0	0	0.0	0.0	0.0	0	0	0	0	0	0	1	0	2	0	0	0	0.0	0.0	0.25	0	0	0	0	1
40	поехал там	потом	evaluation_r	2	4.5	0	2	0	4.5	1.0	1	5.0	0	1	0	5.0	1.0	0.32904137519359195	0	1	0	1	0	0	0	0.0	0.0	0.5	0	0	0	0	0	0	0	0	1	0	0	0	0.0	0.0	0.0	0	0	0	0	0
41	остановился на ней	он едет там дальше	sequence_m	3	5.333333333333333	0	3	0	5.333333333333333	1.0	4	3.75	0	4	0	3.75	1.0	0.7071067811865476	0	1	0	0	0	0	0	0.0	0.0	0.3333333333333333	1	0	0	0	1	0	1	0	2	0	0	0	0.0	0.0	0.25	0	0	0	0	1
42	и идёт он в гору	он едет там дальше	sequence_m	5	2.4	0	5	0	2.4	1.0	4	3.75	0	4	0	3.75	1.0	0.6236095644623235	1	1	0	0	0	0	0	0.2	0.0	0.2	1	1	0	0	1	0	1	0	2	0	0	0	0.0	0.0	0.25	0	0	0	0	1
43	там по боджонках полоницис	пошёл не к мужчина	background_r	4	5.75	0	4	0	5.75	1.0	4	3.75	0	4	0	3.75	1.0	0.5448985520562234	2	0	0	1	0	0	0	0.5	0.0	0.0	1	0	0	0	0	1	1	0	0	0	0	0	0.25	0.0	0.25	1	0	0	1	0
44	пошёл не к мужчина	мужчина лет сорока пяти там	sequence_m	4	3.75	0	4	0	3.75	1.0	5	4.6	0	5	0	4.6	1.0	0.7453559924999299	1	1	0	0	0	0	0	0.25	0.0	0.25	1	0	0	1	0	2	0	0	1	0	2	0	0.4	0.0	0.0	0	0	0	0	0
45	тот с лестницы спускается	пошёл не к мужчина	joint_m	4	5.5	0	4	0	5.5	1.0	4	3.75	0	4	0	3.75	1.0	0.5534292029615151	1	1	0	0	0	0	0	0.25	0.0	0.25	1	0	0	0	0	1	1	0	0	0	0	0	0.25	0.0	0.25	1	0	0	1	0
46	лестница там	тот с лестницы спускается	elaboration_r	2	5.5	0	2	0	5.5	1.0	4	5.5	0	4	0	5.5	1.0	0.6324555320336759	1	0	0	1	0	0	0	0.5	0.0	0.0	0	0	0	0	0	1	1	0	0	0	0	0	0.25	0.0	0.25	1	0	0	0	0
47	и видит	что вторая корзина там вся пустая	evidence_r	2	3.0	0	2	0	3.0	1.0	6	4.666666666666667	0	6	0	4.666666666666667	1.0	0.3481553119113957	0	1	0	0	0	0	0	0.0	0.0	0.5	0	1	0	0	0	1	0	2	1	0	0	0	0.16666666666666666	0.3333333333333333	0.0	0	0	1	0	0
48	что вторая корзина там вся пустая	тот с лестницы спускается	sequence_m	6	4.666666666666667	0	6	0	4.666666666666667	1.0	4	5.5	0	4	0	5.5	1.0	0.5987978359590764	1	0	2	1	0	0	0	0.16666666666666666	0.3333333333333333	0.0	0	0	1	0	0	1	1	0	0	0	0	0	0.25	0.0	0.25	1	0	0	0	0
49	ну и потом как-то всё	мужчина лет сорока пяти там	evaluation_r	5	3.4	0	5	0	3.4	1.0	5	4.6	0	5	0	4.6	1.0	0.769800358919501	0	0	0	2	0	0	0	0.0	0.0	0.0	0	1	0	1	1	2	0	0	1	0	2	0	0.4	0.0	0.0	0	0	0	0	0
50	вот как	ну и потом как-то всё	restatement_r	2	3.0	0	2	0	3.0	1.0	5	3.4	0	5	0	3.4	1.0	0.5773502691896257	0	0	0	1	0	0	0	0.0	0.0	0.0	0	0	0	1	0	0	0	0	2	0	0	0	0.0	0.0	0.0	0	1	0	1	1
51	собирает к себе в фартук	мужчина средних лет на лестнице собирает груши с дерева	sequence_m	5	4.0	0	5	0	4.0	1.0	9	5.222222222222222	0	9	0	5.222222222222222	1.0	0.6030226891555273	1	1	0	0	0	0	0	0.2	0.0	0.2	2	0	0	0	1	5	1	1	0	0	0	0	0.5555555555555556	0.1111111111111111	0.1111111111111111	2	0	0	0	0
52	вот потом спускается вниз	мужчина средних лет на лестнице собирает груши с дерева	sequence_m	4	5.5	0	4	0	5.5	1.0	9	5.222222222222222	0	9	0	5.222222222222222	1.0	0.5559594491425693	0	1	0	2	0	0	0	0.0	0.0	0.25	0	0	0	1	0	5	1	1	0	0	0	0	0.5555555555555556	0.1111111111111111	0.1111111111111111	2	0	0	0	0
53	вытрясает все груши в корзины	вот потом спускается вниз	sequence_m	5	5.0	0	5	0	5.0	1.0	4	5.5	0	4	0	5.5	1.0	0.7230679820688077	2	1	0	0	0	0	0	0.4	0.0	0.2	1	0	0	0	0	0	1	0	2	0	0	0	0.0	0.0	0.25	0	0	0	1	0
54	вот и так ещё раз и ещё раз	вот потом спускается вниз	sequence_m	8	2.5	0	5	0	2.5	0.625	4	5.5	0	4	0	5.5	1.0	0.6395537652956016	2	0	0	3	0	0	0	0.25	0.0	0.0	0	1	0	2	0	0	1	0	2	0	0	0	0.0	0.0	0.25	0	0	0	1	0
55	мимо проезжает мальчик с велосипедом	мужчина средних лет на лестнице собирает груши с дерева	sequence_m	5	6.4	0	5	0	6.4	1.0	9	5.222222222222222	0	9	0	5.222222222222222	1.0	0.674199862463242	2	1	0	1	0	0	0	0.4	0.0	0.2	1	0	0	0	0	5	1	1	0	0	0	0	0.5555555555555556	0.1111111111111111	0.1111111111111111	2	0	0	0	0
56	на велосипеде	мимо проезжает мальчик с велосипедом	restatement_r	2	6.0	0	2	0	6.0	1.0	5	6.4	0	5	0	6.4	1.0	0.5773502691896257	1	0	0	0	0	0	0	0.5	0.0	0.0	1	0	0	0	0	2	1	0	1	0	0	0	0.4	0.0	0.2	1	0	0	0	0
57	вот останавливается	мимо проезжает мальчик с велосипедом	sequence_m	2	9.0	0	2	0	9.0	1.0	5	6.4	0	5	0	6.4	1.0	0.5773502691896257	0	1	0	0	0	0	0	0.0	0.0	0.5	0	0	0	1	0	2	1	0	1	0	0	0	0.4	0.0	0.2	1	0	0	0	0
58	хочет взять одну грушку или две груши	мимо проезжает мальчик с велосипедом	evaluation_r	7	4.428571428571429	0	7	0	4.428571428571429	1.0	5	6.4	0	5	0	6.4	1.0	0.7249365753509313	2	2	0	0	0	2	0	0.2857142857142857	0.0	0.2857142857142857	0	1	0	0	0	2	1	0	1	0	0	0	0.4	0.0	0.2	1	0	0	0	0
59	вот и подумал-подумал	хочет взять одну грушку или две груши	sequence_m	3	6.333333333333333	0	3	0	6.333333333333333	1.0	7	4.428571428571429	0	7	0	4.428571428571429	1.0	0.5694947974514994	0	1	0	0	0	0	0	0.0	0.0	0.3333333333333333	0	0	0	2	0	2	2	0	0	0	2	0	0.2857142857142857	0.0	0.2857142857142857	0	1	0	0	0
60	взял в итоге целую корзину	вот и подумал-подумал	cause_r	5	4.4	0	5	0	4.4	1.0	3	6.333333333333333	0	3	0	6.333333333333333	1.0	0.5704048993716141	2	1	1	0	0	0	0	0.4	0.2	0.2	1	0	0	0	0	0	1	0	0	0	0	0	0.0	0.0	0.3333333333333333	0	0	0	2	0
61	дальше сюжет идёт так	мимо проезжает мальчик с велосипедом	evaluation_r	4	4.5	0	4	0	4.5	1.0	5	6.4	0	5	0	6.4	1.0	0.6454972243679028	1	1	0	2	0	0	0	0.25	0.0	0.25	0	0	0	0	0	2	1	0	1	0	0	0	0.4	0.0	0.2	1	0	0	0	0
62	как будто бы он помогает этому  мужчине средних лет	дальше сюжет идёт так	evaluation_r	9	4.666666666666667	0	9	0	4.666666666666667	1.0	4	4.5	0	4	0	4.5	1.0	0.2156225237317571	2	1	1	1	0	0	0	0.2222222222222222	0.1111111111111111	0.1111111111111111	0	0	0	2	1	1	1	0	2	0	0	0	0.25	0.0	0.25	0	0	0	0	0
63	но на самом деле всё будет раскрыто позже	дальше сюжет идёт так	antithesis_r	8	4.25	0	8	0	4.25	1.0	4	4.5	0	4	0	4.5	1.0	0.33677244633737974	1	1	1	1	1	0	0	0.125	0.125	0.125	1	1	0	0	1	1	1	0	2	0	0	0	0.25	0.0	0.25	0	0	0	0	0
64	вот мальчик значит едет по полю	ну и у него слетает шляпа	cause_r	6	4.333333333333333	0	6	0	4.333333333333333	1.0	6	3.3333333333333335	0	6	0	3.3333333333333335	1.0	0.6486699518462189	2	2	0	0	0	0	0	0.3333333333333333	0.0	0.3333333333333333	1	0	0	1	0	1	1	0	0	0	0	0	0.16666666666666666	0.0	0.16666666666666666	1	1	0	1	1
65	вот навстречу ему едет девочка	вот мальчик значит едет по полю	sequence_m	5	5.2	0	5	0	5.2	1.0	6	4.333333333333333	0	6	0	4.333333333333333	1.0	0.8032193289024988	1	1	0	1	0	0	0	0.2	0.0	0.2	0	0	0	1	1	2	2	0	0	0	0	0	0.3333333333333333	0.0	0.3333333333333333	1	0	0	1	0
66	вот мальчик с ней соприкасается по касательной	вот мальчик значит едет по полю	sequence_m	7	5.714285714285714	0	7	0	5.714285714285714	1.0	6	4.333333333333333	0	6	0	4.333333333333333	1.0	0.5752525386323555	2	1	0	0	0	0	0	0.2857142857142857	0.0	0.14285714285714285	2	0	0	1	1	2	2	0	0	0	0	0	0.3333333333333333	0.0	0.3333333333333333	1	0	0	1	0
67	ну и у него слетает шляпа	мужчина средних лет на лестнице собирает груши с дерева	sequence_m	6	3.3333333333333335	0	6	0	3.3333333333333335	1.0	9	5.222222222222222	0	9	0	5.222222222222222	1.0	0.6466697906828632	1	1	0	0	0	0	0	0.16666666666666666	0.0	0.16666666666666666	1	1	0	1	1	5	1	1	0	0	0	0	0.5555555555555556	0.1111111111111111	0.1111111111111111	2	0	0	0	0
68	красивая шляпа такая	ну и у него слетает шляпа	evaluation_r	3	6.0	0	3	0	6.0	1.0	6	3.3333333333333335	0	6	0	3.3333333333333335	1.0	0.6633249580710799	1	0	1	0	0	0	0	0.3333333333333333	0.3333333333333333	0.0	0	0	0	0	0	1	1	0	0	0	0	0	0.16666666666666666	0.0	0.16666666666666666	1	1	0	1	1
69	вот	красивая шляпа такая	evaluation_r	1	3.0	0	1	0	3.0	1.0	3	6.0	0	3	0	6.0	1.0	0.316227766016838	0	0	0	0	0	0	0	0.0	0.0	0.0	0	0	0	1	0	1	0	1	0	0	0	0	0.3333333333333333	0.3333333333333333	0.0	0	0	0	0	0
70	с длинными большими полами	красивая шляпа такая	elaboration_r	4	5.75	0	4	0	5.75	1.0	3	6.0	0	3	0	6.0	1.0	0.468534581901497	1	0	2	0	0	0	0	0.25	0.5	0.0	1	0	0	0	0	1	0	1	0	0	0	0	0.3333333333333333	0.3333333333333333	0.0	0	0	0	0	0
71	соответственно мальчик по касательной задевает девочку	падает	cause_r	6	8.166666666666666	0	6	0	8.166666666666666	1.0	1	6.0	0	1	0	6.0	1.0	0.00033546262790251185	3	1	0	1	0	0	0	0.5	0.0	0.16666666666666666	1	0	0	0	0	0	1	0	0	0	0	0	0.0	0.0	1.0	0	0	0	0	0
72	падает	ну и у него слетает шляпа	cause_r	1	6.0	0	1	0	6.0	1.0	6	3.3333333333333335	0	6	0	3.3333333333333335	1.0	0.447213595499958	0	1	0	0	0	0	0	0.0	0.0	1.0	0	0	0	0	0	1	1	0	0	0	0	0	0.16666666666666666	0.0	0.16666666666666666	1	1	0	1	1
73	рассыпает все груши	падает	cause_r	3	5.666666666666667	0	3	0	5.666666666666667	1.0	1	6.0	0	1	0	6.0	1.0	0.10457743836085044	1	1	0	0	0	0	0	0.3333333333333333	0.0	0.3333333333333333	0	0	0	0	0	0	1	0	0	0	0	0	0.0	0.0	1.0	0	0	0	0	0
74	которые у него в корзинке	рассыпает все груши	elaboration_r	5	4.2	0	5	0	4.2	1.0	3	5.666666666666667	0	3	0	5.666666666666667	1.0	0.5795196904863656	1	0	0	0	0	0	0	0.2	0.0	0.0	2	0	0	0	2	1	1	0	0	0	0	0	0.3333333333333333	0.0	0.3333333333333333	0	0	0	0	0
75	и соответственно подходят мальчишки	мужчина средних лет на лестнице собирает груши с дерева	sequence_m	4	8.0	0	4	0	8.0	1.0	9	5.222222222222222	0	9	0	5.222222222222222	1.0	0.674199862463242	1	1	0	1	0	0	0	0.25	0.0	0.25	0	1	0	0	0	5	1	1	0	0	0	0	0.5555555555555556	0.1111111111111111	0.1111111111111111	2	0	0	0	0
76	три парня	и соответственно подходят мальчишки	elaboration_r	2	4.0	0	2	0	4.0	1.0	4	8.0	0	4	0	8.0	1.0	0.447213595499958	1	0	0	0	0	1	0	0.5	0.0	0.0	0	0	0	0	0	1	1	0	1	0	0	0	0.25	0.0	0.25	0	1	0	0	0
77	помогают парню встать	и соответственно подходят мальчишки	sequence_m	3	6.333333333333333	0	3	0	6.333333333333333	1.0	4	8.0	0	4	0	8.0	1.0	0.6324555320336759	1	2	0	0	0	0	0	0.3333333333333333	0.0	0.6666666666666666	0	0	0	0	0	1	1	0	1	0	0	0	0.25	0.0	0.25	0	1	0	0	0
78	вот отряхают его	и соответственно подходят мальчишки	sequence_m	3	4.666666666666667	0	3	0	4.666666666666667	1.0	4	8.0	0	4	0	8.0	1.0	0.609449400220044	0	1	0	0	0	0	0	0.0	0.0	0.3333333333333333	0	0	0	1	1	1	1	0	1	0	0	0	0.25	0.0	0.25	0	1	0	0	0
79	отрясают его вот	и соответственно подходят мальчишки	sequence_m	3	4.666666666666667	0	3	0	4.666666666666667	1.0	4	8.0	0	4	0	8.0	1.0	0.609449400220044	0	1	0	0	0	0	0	0.0	0.0	0.3333333333333333	0	0	0	1	1	1	1	0	1	0	0	0	0.25	0.0	0.25	0	1	0	0	0
80	и помогают собрать груши	и соответственно подходят мальчишки	sequence_m	4	5.25	0	4	0	5.25	1.0	4	8.0	0	4	0	8.0	1.0	0.6761234037828132	1	2	0	0	0	0	0	0.25	0.0	0.5	0	1	0	0	0	1	1	0	1	0	0	0	0.25	0.0	0.25	0	1	0	0	0
81	вот за это в благодарность мальчик отдаёт им три груши	и соответственно подходят мальчишки	cause_r	10	4.5	0	10	0	4.5	1.0	4	8.0	0	4	0	8.0	1.0	0.5197387910519145	3	1	0	0	0	1	0	0.3	0.0	0.1	2	0	0	1	2	1	1	0	1	0	0	0	0.25	0.0	0.25	0	1	0	0	0
82	и уезжает дальше	и соответственно подходят мальчишки	sequence_m	3	4.666666666666667	0	3	0	4.666666666666667	1.0	4	8.0	0	4	0	8.0	1.0	0.5606119105813882	0	1	0	1	0	0	0	0.0	0.0	0.3333333333333333	0	1	0	0	0	1	1	0	1	0	0	0	0.25	0.0	0.25	0	1	0	0	0
83	следующий переводится камера на	мужчина средних лет на лестнице собирает груши с дерева	sequence_m	4	7.0	0	4	0	7.0	1.0	9	5.222222222222222	0	9	0	5.222222222222222	1.0	0.674199862463242	1	1	1	0	0	0	0	0.25	0.25	0.25	1	0	0	0	0	5	1	1	0	0	0	0	0.5555555555555556	0.1111111111111111	0.1111111111111111	2	0	0	0	0
84	возвращается на мужчину	следующий переводится камера на	restatement_r	3	7.0	0	3	0	7.0	1.0	4	7.0	0	4	0	7.0	1.0	0.7405316311773545	1	1	0	0	0	0	0	0.3333333333333333	0.0	0.3333333333333333	1	0	0	0	0	1	1	1	0	0	0	0	0.25	0.25	0.25	1	0	0	0	0
85	который собирает груши	возвращается на мужчину	elaboration_r	3	6.666666666666667	0	3	0	6.666666666666667	1.0	3	7.0	0	3	0	7.0	1.0	0.659380473395787	1	1	0	0	0	0	0	0.3333333333333333	0.0	0.3333333333333333	0	0	0	0	1	1	1	0	0	0	0	0	0.3333333333333333	0.0	0.3333333333333333	1	0	0	0	0
86	он спускается вниз	следующий переводится камера на	sequence_m	3	5.333333333333333	0	3	0	5.333333333333333	1.0	4	7.0	0	4	0	7.0	1.0	0.6956083436402525	0	1	0	1	0	0	0	0.0	0.0	0.3333333333333333	0	0	0	0	1	1	1	1	0	0	0	0	0.25	0.25	0.25	1	0	0	0	0
87	видит	что одного ведёрка нету	evidence_r	1	5.0	0	1	0	5.0	1.0	4	5.0	0	4	0	5.0	1.0	0.3611575592573076	0	1	0	0	0	0	0	0.0	0.0	1.0	0	0	0	0	0	1	1	0	0	0	1	0	0.25	0.0	0.25	0	0	1	0	0
88	что одного ведёрка нету	следующий переводится камера на	sequence_m	4	5.0	0	4	0	5.0	1.0	4	7.0	0	4	0	7.0	1.0	0.6956083436402525	1	1	0	0	0	1	0	0.25	0.0	0.25	0	0	1	0	0	1	1	1	0	0	0	0	0.25	0.25	0.25	1	0	0	0	0
89	и оказывается что	ведёрко скорее всего мальчик украл просто	evidence_r	3	5.0	0	3	0	5.0	1.0	6	6.0	0	6	0	6.0	1.0	0.563092506371473	0	1	0	0	0	0	0	0.0	0.0	0.3333333333333333	0	1	1	0	0	2	1	0	1	0	0	0	0.3333333333333333	0.0	0.16666666666666666	0	0	0	1	1
90	ведёрко скорее всего мальчик украл просто	следующий переводится камера на	evaluation_r	6	6.0	0	6	0	6.0	1.0	4	7.0	0	4	0	7.0	1.0	0.6238613446193965	2	1	0	1	0	0	0	0.3333333333333333	0.0	0.16666666666666666	0	0	0	1	1	1	1	1	0	0	0	0	0.25	0.25	0.25	1	0	0	0	0
91	тут проходят три парня	мужчина средних лет на лестнице собирает груши с дерева	sequence_m	4	4.75	0	4	0	4.75	1.0	9	5.222222222222222	0	9	0	5.222222222222222	1.0	0.5393598899705936	1	1	0	1	0	1	0	0.25	0.0	0.25	0	0	0	0	0	5	1	1	0	0	0	0	0.5555555555555556	0.1111111111111111	0.1111111111111111	2	0	0	0	0
92	которые с грушами	тут проходят три парня	elaboration_r	3	5.0	0	3	0	5.0	1.0	4	4.75	0	4	0	4.75	1.0	0.674199862463242	1	0	0	0	0	0	0	0.3333333333333333	0.0	0.0	1	0	0	0	1	1	1	0	1	0	1	0	0.25	0.0	0.25	0	0	0	0	0
93	мимо него	тут проходят три парня	background_r	2	4.0	0	2	0	4.0	1.0	4	4.75	0	4	0	4.75	1.0	0.4767312946227961	0	0	0	0	0	0	0	0.0	0.0	0.0	1	0	0	0	1	1	1	0	1	0	1	0	0.25	0.0	0.25	0	0	0	0	0
94	он на них смотрит	тут проходят три парня	background_r	4	3.5	0	4	0	3.5	1.0	4	4.75	0	4	0	4.75	1.0	0.7385489458759964	0	1	0	0	0	0	0	0.0	0.0	0.25	1	0	0	0	2	1	1	0	1	0	1	0	0.25	0.0	0.25	0	0	0	0	0
95	и видео заканчивается	мужчина средних лет на лестнице собирает груши с дерева	evaluation_r	3	6.333333333333333	0	3	0	6.333333333333333	1.0	9	5.222222222222222	0	9	0	5.222222222222222	1.0	0.5559594491425693	1	1	0	0	0	0	0	0.3333333333333333	0.0	0.3333333333333333	0	1	0	0	0	5	1	1	0	0	0	0	0.5555555555555556	0.1111111111111111	0.1111111111111111	2	0	0	0	0
96	утро	в деревне поют петухи	background_r	1	4.0	0	1	0	4.0	1.0	4	4.5	0	4	0	4.5	1.0	0.4364357804719847	1	0	0	0	0	0	0	1.0	0.0	0.0	0	0	0	0	0	2	1	0	0	0	0	0	0.5	0.0	0.25	1	0	0	0	0
97	в деревне поют петухи	у него внизу стоят три корзины	preparation_r	4	4.5	0	4	0	4.5	1.0	6	4.166666666666667	0	6	0	4.166666666666667	1.0	0.6324555320336759	2	1	0	0	0	0	0	0.5	0.0	0.25	1	0	0	0	0	1	1	0	1	0	1	0	0.16666666666666666	0.0	0.16666666666666666	1	0	0	0	1
98	садовник залез на грушу	у него внизу стоят три корзины	background_r	4	5.0	0	4	0	5.0	1.0	6	4.166666666666667	0	6	0	4.166666666666667	1.0	0.752772652709081	2	1	0	0	0	0	0	0.5	0.0	0.25	1	0	0	0	0	1	1	0	1	0	1	0	0.16666666666666666	0.0	0.16666666666666666	1	0	0	0	1
99	и собирает плоды	садовник залез на грушу	sequence_m	3	4.666666666666667	0	3	0	4.666666666666667	1.0	4	5.0	0	4	0	5.0	1.0	0.659380473395787	1	1	0	0	0	0	0	0.3333333333333333	0.0	0.3333333333333333	0	1	0	0	0	2	1	0	0	0	0	0	0.5	0.0	0.25	1	0	0	0	0
100	две он уже наполнил	и полез наполнять третью	cause_r	4	4.0	0	4	0	4.0	1.0	4	5.25	0	4	0	5.25	1.0	0.7637626158259734	0	1	0	1	0	1	0	0.0	0.0	0.25	0	0	0	0	1	0	2	1	0	0	0	0	0.0	0.25	0.5	0	1	0	0	0
101	и полез наполнять третью	у него внизу стоят три корзины	joint_m	4	5.25	0	4	0	5.25	1.0	6	4.166666666666667	0	6	0	4.166666666666667	1.0	0.7071067811865476	0	2	1	0	0	0	0	0.0	0.25	0.5	0	1	0	0	0	1	1	0	1	0	1	0	0.16666666666666666	0.0	0.16666666666666666	1	0	0	0	1
102	мимо прошёл мужчина	у него внизу стоят три корзины	background_r	3	5.666666666666667	0	3	0	5.666666666666667	1.0	6	4.166666666666667	0	6	0	4.166666666666667	1.0	0.5477225575051661	1	1	0	1	0	0	0	0.3333333333333333	0.0	0.3333333333333333	0	0	0	0	0	1	1	0	1	0	1	0	0.16666666666666666	0.0	0.16666666666666666	1	0	0	0	1
103	вёл козу	мимо прошёл мужчина	joint_m	2	3.5	0	2	0	3.5	1.0	3	5.666666666666667	0	3	0	5.666666666666667	1.0	0.512989176042577	1	1	0	0	0	0	0	0.5	0.0	0.5	0	0	0	0	0	1	1	0	1	0	0	0	0.3333333333333333	0.0	0.3333333333333333	0	0	0	0	0
104	после этого мимо проезжал мальчик	у него внизу стоят три корзины	sequence_m	5	5.8	0	5	0	5.8	1.0	6	4.166666666666667	0	6	0	4.166666666666667	1.0	0.6607998196440358	1	1	0	1	0	0	0	0.2	0.0	0.2	1	0	0	0	1	1	1	0	1	0	1	0	0.16666666666666666	0.0	0.16666666666666666	1	0	0	0	1
105	увидел грушу	после этого мимо проезжал мальчик	evaluation_r	2	5.5	0	2	0	5.5	1.0	5	5.8	0	5	0	5.8	1.0	0.4264014327112209	1	1	0	0	0	0	0	0.5	0.0	0.5	0	0	0	0	0	1	1	0	1	0	0	0	0.2	0.0	0.2	1	0	0	0	1
106	груши в корзинках	увидел грушу	elaboration_r	3	5.0	0	3	0	5.0	1.0	2	5.5	0	2	0	5.5	1.0	0.503503348180654	2	0	0	0	0	0	0	0.6666666666666666	0.0	0.0	1	0	0	0	0	1	1	0	0	0	0	0	0.5	0.0	0.5	0	0	0	0	0
107	хотел сначала взять одну грушу	увидел грушу	sequence_m	5	5.2	0	5	0	5.2	1.0	2	5.5	0	2	0	5.5	1.0	0.2136308638841197	1	2	0	1	0	1	0	0.2	0.0	0.4	0	0	0	0	0	1	1	0	0	0	0	0	0.5	0.0	0.5	0	0	0	0	0
108	а потом посмотрел	что садовник на дереве	evidence_r	3	5.0	0	3	0	5.0	1.0	4	4.75	0	4	0	4.75	1.0	0.6396021490668313	0	1	0	1	0	0	0	0.0	0.0	0.3333333333333333	0	1	0	0	0	2	0	0	0	0	0	0	0.5	0.0	0.0	1	0	1	0	0
109	что садовник на дереве	увидел грушу	contrast_m	4	4.75	0	4	0	4.75	1.0	2	5.5	0	2	0	5.5	1.0	0.3073073403268802	2	0	0	0	0	0	0	0.5	0.0	0.0	1	0	1	0	0	1	1	0	0	0	0	0	0.5	0.0	0.5	0	0	0	0	0
110	и ничего не видит	что садовник на дереве	joint_m	4	3.5	0	4	0	3.5	1.0	4	4.75	0	4	0	4.75	1.0	0.7687061147858074	0	1	0	0	0	0	0	0.0	0.0	0.25	0	1	0	1	1	2	0	0	0	0	0	0	0.5	0.0	0.0	1	0	1	0	0
111	взял целую корзину	после этого мимо проезжал мальчик	cause_r	3	5.333333333333333	0	3	0	5.333333333333333	1.0	5	5.8	0	5	0	5.8	1.0	0.5504818825631803	1	1	1	0	0	0	0	0.3333333333333333	0.3333333333333333	0.3333333333333333	0	0	0	0	0	1	1	0	1	0	0	0	0.2	0.0	0.2	1	0	0	0	1
112	поставил на велосипед	взял целую корзину	sequence_m	3	6.333333333333333	0	3	0	6.333333333333333	1.0	3	5.333333333333333	0	3	0	5.333333333333333	1.0	0.5985529678206387	1	1	0	0	0	0	0	0.3333333333333333	0.0	0.3333333333333333	1	0	0	0	0	1	1	1	0	0	0	0	0.3333333333333333	0.3333333333333333	0.3333333333333333	0	0	0	0	0
113	и поехал	взял целую корзину	sequence_m	2	3.5	0	2	0	3.5	1.0	3	5.333333333333333	0	3	0	5.333333333333333	1.0	0.5270462766947299	0	1	0	0	0	0	0	0.0	0.0	0.5	0	1	0	0	0	1	1	1	0	0	0	0	0.3333333333333333	0.3333333333333333	0.3333333333333333	0	0	0	0	0
114	вот по дороге он	груши все рассыпались	background_r	4	3.25	0	4	0	3.25	1.0	3	6.333333333333333	0	3	0	6.333333333333333	1.0	0.5773502691896257	1	0	0	0	0	0	0	0.25	0.0	0.0	1	0	0	1	1	1	1	0	0	0	0	0	0.3333333333333333	0.0	0.3333333333333333	0	0	0	1	0
115	ему навстречу ехала девочка	и он врезался в камень	cause_r	4	6.0	0	4	0	6.0	1.0	5	3.6	0	5	0	3.6	1.0	0.679431002017146	1	1	0	1	0	0	0	0.25	0.0	0.25	0	0	0	0	1	1	1	0	0	0	0	0	0.2	0.0	0.2	1	1	0	0	1
116	он на неё засмотрелся	ему навстречу ехала девочка	sequence_m	4	4.5	0	4	0	4.5	1.0	4	6.0	0	4	0	6.0	1.0	0.7200822998230956	0	1	0	0	0	0	0	0.0	0.0	0.25	1	0	0	0	2	1	1	0	1	0	0	0	0.25	0.0	0.25	0	0	0	0	1
117	вот а на дороге лежал камень	ему навстречу ехала девочка	elaboration_r	6	3.8333333333333335	0	6	0	3.8333333333333335	1.0	4	6.0	0	4	0	6.0	1.0	0.8083695344006062	2	1	0	0	0	0	0	0.3333333333333333	0.0	0.16666666666666666	1	1	0	1	0	1	1	0	1	0	0	0	0.25	0.0	0.25	0	0	0	0	1
118	и он врезался в камень	упал	cause_r	5	3.6	0	5	0	3.6	1.0	1	4.0	0	1	0	4.0	1.0	0.007855246784369017	1	1	0	0	0	0	0	0.2	0.0	0.2	1	1	0	0	1	0	1	0	0	0	0	0	0.0	0.0	1.0	0	0	0	0	0
119	упал	груши все рассыпались	cause_r	1	4.0	0	1	0	4.0	1.0	3	6.333333333333333	0	3	0	6.333333333333333	1.0	0.4364357804719847	0	1	0	0	0	0	0	0.0	0.0	1.0	0	0	0	0	0	1	1	0	0	0	0	0	0.3333333333333333	0.0	0.3333333333333333	0	0	0	1	0
120	груши все рассыпались	у него внизу стоят три корзины	sequence_m	3	6.333333333333333	0	3	0	6.333333333333333	1.0	6	4.166666666666667	0	6	0	4.166666666666667	1.0	0.6324555320336759	1	1	0	0	0	0	0	0.3333333333333333	0.0	0.3333333333333333	0	0	0	1	0	1	1	0	1	0	1	0	0.16666666666666666	0.0	0.16666666666666666	1	0	0	0	1
121	а навстречу шли его друзья	у него внизу стоят три корзины	sequence_m	5	4.4	0	5	0	4.4	1.0	6	4.166666666666667	0	6	0	4.166666666666667	1.0	0.7745966692414834	1	1	0	1	0	0	0	0.2	0.0	0.2	0	1	0	0	1	1	1	0	1	0	1	0	0.16666666666666666	0.0	0.16666666666666666	1	0	0	0	1
122	они помогли ему собрать груши	а навстречу шли его друзья	sequence_m	5	5.0	0	5	0	5.0	1.0	5	4.4	0	5	0	4.4	1.0	0.7616917026880937	1	2	0	0	0	0	0	0.2	0.0	0.4	0	0	0	0	2	1	1	0	1	0	0	0	0.2	0.0	0.2	0	1	0	0	1
123	подняли велосипед	а навстречу шли его друзья	sequence_m	2	8.0	0	2	0	8.0	1.0	5	4.4	0	5	0	4.4	1.0	0.6504436355879909	1	1	0	0	0	0	0	0.5	0.0	0.5	0	0	0	0	0	1	1	0	1	0	0	0	0.2	0.0	0.2	0	1	0	0	1
124	и он собрался ехать дальше	а навстречу шли его друзья	sequence_m	5	4.4	0	5	0	4.4	1.0	5	4.4	0	5	0	4.4	1.0	0.8548504142651103	0	2	0	1	0	0	0	0.0	0.0	0.4	0	1	0	0	1	1	1	0	1	0	0	0	0.2	0.0	0.2	0	1	0	0	1
125	а они пошли своей дорогой	у него внизу стоят три корзины	sequence_m	5	4.2	0	5	0	4.2	1.0	6	4.166666666666667	0	6	0	4.166666666666667	1.0	0.7071067811865476	1	1	0	0	0	0	0	0.2	0.0	0.2	0	1	0	0	1	1	1	0	1	0	1	0	0.16666666666666666	0.0	0.16666666666666666	1	0	0	0	1
126	но увидели	что он ещё потерял шляпу	evidence_r	2	4.5	0	2	0	4.5	1.0	5	4.0	0	5	0	4.0	1.0	0.5	0	1	0	0	0	0	0	0.0	0.0	0.5	0	1	0	0	0	1	1	0	1	0	0	0	0.2	0.0	0.2	0	0	1	0	1
127	что он ещё потерял шляпу	а они пошли своей дорогой	antithesis_r	5	4.0	0	5	0	4.0	1.0	5	4.2	0	5	0	4.2	1.0	0.7211102550927979	1	1	0	1	0	0	0	0.2	0.0	0.2	0	0	1	0	1	1	1	0	0	0	0	0	0.2	0.0	0.2	0	1	0	0	1
128	свистнули ему	что он ещё потерял шляпу	sequence_m	2	6.0	0	2	0	6.0	1.0	5	4.0	0	5	0	4.0	1.0	0.5	0	1	0	0	0	0	0	0.0	0.0	0.5	0	0	0	0	1	1	1	0	1	0	0	0	0.2	0.0	0.2	0	0	1	0	1
129	вернули ему шляпу	свистнули ему	purpose_r	3	5.0	0	3	0	5.0	1.0	2	6.0	0	2	0	6.0	1.0	0.6116746853062692	1	1	0	0	0	0	0	0.3333333333333333	0.0	0.3333333333333333	0	0	0	0	1	0	1	0	0	0	0	0	0.0	0.0	0.5	0	0	0	0	1
130	а он с ними поделился грушами	что он ещё потерял шляпу	cause_r	6	4.0	0	6	0	4.0	1.0	5	4.0	0	5	0	4.0	1.0	0.6418920422277233	1	1	0	0	0	0	0	0.16666666666666666	0.0	0.16666666666666666	1	1	0	0	2	1	1	0	1	0	0	0	0.2	0.0	0.2	0	0	1	0	1
131	а в это время садовник слез с дерева	что у него не хватает одной корзины	background_r	8	3.625	0	8	0	3.625	1.0	7	4.142857142857143	0	7	0	4.142857142857143	1.0	0.752778508059922	3	1	0	0	0	0	0	0.375	0.0	0.125	2	1	0	0	0	1	1	0	0	0	1	0	0.14285714285714285	0.0	0.14285714285714285	1	0	1	1	1
132	и увидел	что у него не хватает одной корзины	evidence_r	2	3.5	0	2	0	3.5	1.0	7	4.142857142857143	0	7	0	4.142857142857143	1.0	0.4140393356054125	0	1	0	0	0	0	0	0.0	0.0	0.5	0	1	0	0	0	1	1	0	0	0	1	0	0.14285714285714285	0.0	0.14285714285714285	1	0	1	1	1
133	что у него не хватает одной корзины	у него внизу стоят три корзины	sequence_m	7	4.142857142857143	0	7	0	4.142857142857143	1.0	6	4.166666666666667	0	6	0	4.166666666666667	1.0	0.7411751961850215	1	1	0	0	0	1	0	0.14285714285714285	0.0	0.14285714285714285	1	0	1	1	1	1	1	0	1	0	1	0	0.16666666666666666	0.0	0.16666666666666666	1	0	0	0	1
134	а в это время ребята как раз шли мимо него	что у него не хватает одной корзины	background_r	10	3.3	0	10	0	3.3	1.0	7	4.142857142857143	0	7	0	4.142857142857143	1.0	0.6636987496236464	3	1	0	0	0	0	0	0.3	0.0	0.1	2	1	1	0	1	1	1	0	0	0	1	0	0.14285714285714285	0.0	0.14285714285714285	1	0	1	1	1
135	и ели груши	а в это время ребята как раз шли мимо него	joint_m	3	3.0	0	3	0	3.0	1.0	10	3.3	0	10	0	3.3	1.0	0.4629100498862757	1	1	0	0	0	0	0	0.3333333333333333	0.0	0.3333333333333333	0	1	0	0	0	3	1	0	0	0	0	0	0.3	0.0	0.1	2	1	1	0	1
136	и а садовник был в недоумении	откуда у них груши	evaluation_r	6	4.0	0	6	0	4.0	1.0	4	3.75	0	4	0	3.75	1.0	0.4242852232095228	2	0	0	0	1	0	0	0.3333333333333333	0.0	0.0	1	2	0	0	0	1	0	0	1	0	0	0	0.25	0.0	0.0	1	0	0	0	1
137	откуда у них груши	что у него не хватает одной корзины	cause_r	4	3.75	0	4	0	3.75	1.0	7	4.142857142857143	0	7	0	4.142857142857143	1.0	0.6324555320336759	1	0	0	1	0	0	0	0.25	0.0	0.0	1	0	0	0	1	1	1	0	0	0	1	0	0.14285714285714285	0.0	0.14285714285714285	1	0	1	1	1
138	показывают в этом фильме фермера	кто-то ещё из фермеров провёл мимо козу	preparation_r	5	5.6	0	5	0	5.6	1.0	7	4.714285714285714	0	7	0	4.714285714285714	1.0	0.7844645405527362	2	1	0	0	0	0	0	0.4	0.0	0.2	1	0	0	0	0	2	1	0	1	0	0	0	0.2857142857142857	0.0	0.14285714285714285	2	0	0	0	1
139	который собирал груши с дерева	показывают в этом фильме фермера	elaboration_r	5	5.2	0	5	0	5.2	1.0	5	5.6	0	5	0	5.6	1.0	0.75	2	1	0	0	0	0	0	0.4	0.0	0.2	1	0	0	0	1	2	1	0	0	0	0	0	0.4	0.0	0.2	1	0	0	0	0
140	складывал их в фартук	который собирал груши с дерева	sequence_m	4	4.5	0	4	0	4.5	1.0	5	5.2	0	5	0	5.2	1.0	0.7071067811865476	1	1	0	0	0	0	0	0.25	0.0	0.25	1	0	0	0	1	2	1	0	0	0	0	0	0.4	0.0	0.2	1	0	0	0	1
141	потом перекладывал в корзины	который собирал груши с дерева	sequence_m	4	6.25	0	4	0	6.25	1.0	5	5.2	0	5	0	5.2	1.0	0.7958224257542215	1	1	0	1	0	0	0	0.25	0.0	0.25	1	0	0	0	0	2	1	0	0	0	0	0	0.4	0.0	0.2	1	0	0	0	1
142	которая один раз проблеяла	кто-то ещё из фермеров провёл мимо козу	elaboration_r	4	5.75	0	4	0	5.75	1.0	7	4.714285714285714	0	7	0	4.714285714285714	1.0	0.6602252917735247	1	1	0	0	0	1	0	0.25	0.0	0.25	0	0	0	0	1	2	1	0	1	0	0	0	0.2857142857142857	0.0	0.14285714285714285	2	0	0	0	1
143	и вёл её как собачку	кто-то ещё из фермеров провёл мимо козу	evaluation_r	5	3.2	0	5	0	3.2	1.0	7	4.714285714285714	0	7	0	4.714285714285714	1.0	0.5991446895152781	1	1	0	0	0	0	0	0.2	0.0	0.2	0	1	1	0	1	2	1	0	1	0	0	0	0.2857142857142857	0.0	0.14285714285714285	2	0	0	0	1
144	коза куда-то хотела пойти в сторону	и вёл её как собачку	evidence_r	6	5.0	0	6	0	5.0	1.0	5	3.2	0	5	0	3.2	1.0	0.40908143457180063	2	2	0	1	0	0	0	0.3333333333333333	0.0	0.3333333333333333	1	0	0	0	0	1	1	0	0	0	0	0	0.2	0.0	0.2	0	1	1	0	1
145	а он её это самое на место ставил	коза куда-то хотела пойти в сторону	contrast_m	8	3.25	0	8	0	3.25	1.0	6	5.0	0	6	0	5.0	1.0	0.7745966692414834	1	1	1	0	0	0	0	0.125	0.125	0.125	1	1	0	0	2	2	2	0	1	0	0	0	0.3333333333333333	0.0	0.3333333333333333	1	0	0	0	0
146	хотя впрочем может быть это была и не коза	кто-то ещё из фермеров провёл мимо козу	antithesis_r	9	3.7777777777777777	0	9	0	3.7777777777777777	1.0	7	4.714285714285714	0	7	0	4.714285714285714	1.0	0.7413621900918058	1	2	0	1	1	0	0	0.1111111111111111	0.0	0.2222222222222222	0	0	1	2	1	2	1	0	1	0	0	0	0.2857142857142857	0.0	0.14285714285714285	2	0	0	0	1
147	потому что вымени нет	хотя впрочем может быть это была и не коза	evidence_r	4	4.5	0	4	0	4.5	1.0	9	3.7777777777777777	0	9	0	3.7777777777777777	1.0	0.6725927091345493	1	1	0	1	0	0	0	0.25	0.0	0.25	0	0	1	0	0	1	2	0	1	1	0	0	0.1111111111111111	0.0	0.2222222222222222	0	0	1	2	1
148	и ничего там в этом месте нет	потому что вымени нет	joint_m	7	3.2857142857142856	0	7	0	3.2857142857142856	1.0	4	4.5	0	4	0	4.5	1.0	0.6147086103372799	1	1	0	1	0	0	0	0.14285714285714285	0.0	0.14285714285714285	1	1	0	0	1	1	1	0	1	0	0	0	0.25	0.0	0.25	0	0	1	0	0
149	молодая может	хотя впрочем может быть это была и не коза	evaluation_r	2	6.0	0	2	0	6.0	1.0	9	3.7777777777777777	0	9	0	3.7777777777777777	1.0	0.5345224838248488	0	1	1	0	0	0	0	0.0	0.5	0.5	0	0	0	0	0	1	2	0	1	1	0	0	0.1111111111111111	0.0	0.2222222222222222	0	0	1	2	1
150	но по размеру большая	молодая может	antithesis_r	4	4.5	0	4	0	4.5	1.0	2	6.0	0	2	0	6.0	1.0	0.4496674337965035	1	0	1	0	0	0	0	0.25	0.25	0.0	1	1	0	0	0	0	1	1	0	0	0	0	0.0	0.5	0.5	0	0	0	0	0
151	кастрированных коз наверное не бывает	но по размеру большая	evaluation_r	5	6.6	0	5	0	6.6	1.0	4	4.5	0	4	0	4.5	1.0	0.3811214013260713	1	1	1	1	0	0	0	0.2	0.2	0.2	0	0	0	1	0	1	0	1	0	0	0	0	0.25	0.25	0.0	1	1	0	0	0
152	мне так кажется	кастрированных коз наверное не бывает	evaluation_r	3	4.333333333333333	0	3	0	4.333333333333333	1.0	5	6.6	0	5	0	6.6	1.0	0.5694947974514994	0	1	0	1	0	0	0	0.0	0.0	0.3333333333333333	0	0	0	0	1	1	1	1	1	0	0	0	0.2	0.2	0.2	0	0	0	1	0
153	вот значит	потом приехал мальчик на велосипеде	evaluation_r	2	4.5	0	2	0	4.5	1.0	5	6.2	0	5	0	6.2	1.0	0.47809144373375745	0	1	0	0	0	0	0	0.0	0.0	0.5	0	0	0	1	0	2	1	0	1	0	0	0	0.4	0.0	0.2	1	0	0	0	0
154	потом приехал мальчик на велосипеде	кто-то ещё из фермеров провёл мимо козу	sequence_m	5	6.2	0	5	0	6.2	1.0	7	4.714285714285714	0	7	0	4.714285714285714	1.0	0.7161148740394329	2	1	0	1	0	0	0	0.4	0.0	0.2	1	0	0	0	0	2	1	0	1	0	0	0	0.2857142857142857	0.0	0.14285714285714285	2	0	0	0	1
155	а фильм очень молчаливый кстати	кто-то ещё из фермеров провёл мимо козу	evaluation_r	5	5.4	0	5	0	5.4	1.0	7	4.714285714285714	0	7	0	4.714285714285714	1.0	0.6602252917735247	1	0	1	2	0	0	0	0.2	0.2	0.0	0	1	0	0	0	2	1	0	1	0	0	0	0.2857142857142857	0.0	0.14285714285714285	2	0	0	0	1
156	только звуки	а фильм очень молчаливый кстати	evidence_r	2	5.5	0	2	0	5.5	1.0	5	5.4	0	5	0	5.4	1.0	0.5388159060803247	1	0	0	0	0	0	0	0.5	0.0	0.0	0	0	0	1	0	1	0	1	2	0	0	0	0.2	0.2	0.0	0	1	0	0	0
157	которые там раздаются от постукиваний там чего-то	только звуки	elaboration_r	7	6.142857142857143	0	6	0	6.142857142857143	0.8571428571428571	2	5.5	0	2	0	5.5	1.0	0.04181525258085564	1	1	0	2	0	0	0	0.14285714285714285	0.0	0.14285714285714285	1	0	0	0	2	1	0	0	0	0	0	0	0.5	0.0	0.0	0	0	0	1	0
158	от велосипеда какой-то звук был	только звуки	evidence_r	5	5.4	0	5	0	5.4	1.0	2	5.5	0	2	0	5.5	1.0	0.19654988310902152	2	0	0	0	1	0	0	0.4	0.0	0.0	1	0	0	0	0	1	0	0	0	0	0	0	0.5	0.0	0.0	0	0	0	1	0
159	никто ничего не говорил	только звуки	evidence_r	4	5.0	0	4	0	5.0	1.0	2	5.5	0	2	0	5.5	1.0	0.3264758756577009	0	1	0	0	0	0	0	0.0	0.0	0.25	0	0	0	1	2	1	0	0	0	0	0	0	0.5	0.0	0.0	0	0	0	1	0
160	значит приехал мальчик на велосипеде	кто-то ещё из фермеров провёл мимо козу	sequence_m	5	6.4	0	5	0	6.4	1.0	7	4.714285714285714	0	7	0	4.714285714285714	1.0	0.6793662204867574	2	1	0	1	0	0	0	0.4	0.0	0.2	1	0	0	0	0	2	1	0	1	0	0	0	0.2857142857142857	0.0	0.14285714285714285	2	0	0	0	1
161	одну корзину взял	значит приехал мальчик на велосипеде	sequence_m	3	5.0	0	3	0	5.0	1.0	5	6.4	0	5	0	6.4	1.0	0.5773502691896257	1	1	0	0	0	1	0	0.3333333333333333	0.0	0.3333333333333333	0	0	0	0	0	2	1	0	1	0	0	0	0.4	0.0	0.2	1	0	0	0	0
162	поставил на багажник велосипеда	значит приехал мальчик на велосипеде	sequence_m	4	7.0	0	4	0	7.0	1.0	5	6.4	0	5	0	6.4	1.0	0.816496580927726	2	1	0	0	0	0	0	0.5	0.0	0.25	1	0	0	0	0	2	1	0	1	0	0	0	0.4	0.0	0.2	1	0	0	0	0
163	вот потом он поехал куда-то	и велосипед попал на камень	cause_r	5	4.6	0	5	0	4.6	1.0	5	4.6	0	5	0	4.6	1.0	0.7934920476158722	0	1	0	2	0	0	0	0.0	0.0	0.2	0	0	0	1	1	2	1	0	0	0	0	0	0.4	0.0	0.2	1	1	0	0	0
164	показывают значит издалека	как он едет	background_r	3	8.0	0	3	0	8.0	1.0	3	3.0	0	3	0	3.0	1.0	0.243828186956345	0	2	0	1	0	0	0	0.0	0.0	0.6666666666666666	0	0	0	0	0	0	1	0	1	0	0	0	0.0	0.0	0.3333333333333333	0	0	0	0	1
165	как он едет	вот потом он поехал куда-то	background_r	3	3.0	0	3	0	3.0	1.0	5	4.6	0	5	0	4.6	1.0	0.5773502691896257	0	1	0	1	0	0	0	0.0	0.0	0.3333333333333333	0	0	0	0	1	0	1	0	2	0	0	0	0.0	0.0	0.2	0	0	0	1	1
166	и навстречу ему едет девочка на велосипеде	вот потом он поехал куда-то	sequence_m	7	5.142857142857143	0	7	0	5.142857142857143	1.0	5	4.6	0	5	0	4.6	1.0	0.4813048148042063	2	1	0	1	0	0	0	0.2857142857142857	0.0	0.14285714285714285	1	1	0	0	1	0	1	0	2	0	0	0	0.0	0.0	0.2	0	0	0	1	1
167	и он на эту девочку засмотрелся	вот потом он поехал куда-то	sequence_m	6	4.333333333333333	0	6	0	4.333333333333333	1.0	5	4.6	0	5	0	4.6	1.0	0.7233608418965887	1	1	0	0	0	0	0	0.16666666666666666	0.0	0.16666666666666666	1	1	0	0	1	0	1	0	2	0	0	0	0.0	0.0	0.2	0	0	0	1	1
168	и велосипед попал на камень	кто-то ещё из фермеров провёл мимо козу	sequence_m	5	4.6	0	5	0	4.6	1.0	7	4.714285714285714	0	7	0	4.714285714285714	1.0	0.6405126152203485	2	1	0	0	0	0	0	0.4	0.0	0.2	1	1	0	0	0	2	1	0	1	0	0	0	0.2857142857142857	0.0	0.14285714285714285	2	0	0	0	1
169	и он свалился	и велосипед попал на камень	cause_r	3	3.6666666666666665	0	3	0	3.6666666666666665	1.0	5	4.6	0	5	0	4.6	1.0	0.6382847385042254	0	1	0	0	0	0	0	0.0	0.0	0.3333333333333333	0	1	0	0	1	2	1	0	0	0	0	0	0.4	0.0	0.2	1	1	0	0	0
170	упал	и он свалился	restatement_r	1	4.0	0	1	0	4.0	1.0	3	3.6666666666666665	0	3	0	3.6666666666666665	1.0	0.3922322702763681	0	1	0	0	0	0	0	0.0	0.0	1.0	0	0	0	0	0	0	1	0	0	0	0	0	0.0	0.0	0.3333333333333333	0	1	0	0	1
171	но не расшибся ничего	и он свалился	antithesis_r	4	4.5	0	4	0	4.5	1.0	3	3.6666666666666665	0	3	0	3.6666666666666665	1.0	0.47399109346664225	0	1	0	0	0	0	0	0.0	0.0	0.25	0	1	0	1	1	0	1	0	0	0	0	0	0.0	0.0	0.3333333333333333	0	1	0	0	1
172	а груши рассыпались	и он свалился	contrast_m	3	5.666666666666667	0	3	0	5.666666666666667	1.0	3	3.6666666666666665	0	3	0	3.6666666666666665	1.0	0.4944583443279269	1	1	0	0	0	0	0	0.3333333333333333	0.0	0.3333333333333333	0	1	0	0	0	0	1	0	0	0	0	0	0.0	0.0	0.3333333333333333	0	1	0	0	1
173	и мимо идут трое ребят	кто-то ещё из фермеров провёл мимо козу	sequence_m	5	3.6	0	5	0	3.6	1.0	7	4.714285714285714	0	7	0	4.714285714285714	1.0	0.6602252917735247	1	1	0	1	0	1	0	0.2	0.0	0.2	0	1	0	0	0	2	1	0	1	0	0	0	0.2857142857142857	0.0	0.14285714285714285	2	0	0	0	1
174	и помогают ему собрать эти груши	и мимо идут трое ребят	sequence_m	6	4.5	0	6	0	4.5	1.0	5	3.6	0	5	0	3.6	1.0	0.5898734883258493	1	2	0	0	0	0	0	0.16666666666666666	0.0	0.3333333333333333	0	1	0	0	1	1	1	0	1	0	1	0	0.2	0.0	0.2	0	1	0	0	0
175	значит груши они собрали	и мимо идут трое ребят	cause_r	4	5.25	0	4	0	5.25	1.0	5	3.6	0	5	0	3.6	1.0	0.7019061040214758	1	1	0	1	0	0	0	0.25	0.0	0.25	0	0	0	0	1	1	1	0	1	0	1	0	0.2	0.0	0.2	0	1	0	0	0
176	вот	и мимо идут трое ребят	evaluation_r	1	3.0	0	1	0	3.0	1.0	5	3.6	0	5	0	3.6	1.0	0.30151134457776363	0	0	0	0	0	0	0	0.0	0.0	0.0	0	0	0	1	0	1	1	0	1	0	1	0	0.2	0.0	0.2	0	1	0	0	0
177	он поехал	кто-то ещё из фермеров провёл мимо козу	sequence_m	2	4.0	0	2	0	4.0	1.0	7	4.714285714285714	0	7	0	4.714285714285714	1.0	0.3922322702763681	0	1	0	0	0	0	0	0.0	0.0	0.5	0	0	0	0	1	2	1	0	1	0	0	0	0.2857142857142857	0.0	0.14285714285714285	2	0	0	0	1
178	пошёл точнее	он поехал	elaboration_r	2	5.5	0	2	0	5.5	1.0	2	4.0	0	2	0	4.0	1.0	0.6319212181231441	0	1	0	1	0	0	0	0.0	0.0	0.5	0	0	0	0	0	0	1	0	0	0	0	0	0.0	0.0	0.5	0	0	0	0	1
179	повёз велосипед вручную	пошёл точнее	restatement_r	3	7.0	0	3	0	7.0	1.0	2	5.5	0	2	0	5.5	1.0	0.36501112549219406	1	1	0	1	0	0	0	0.3333333333333333	0.0	0.3333333333333333	0	0	0	0	0	0	1	0	1	0	0	0	0.0	0.0	0.5	0	0	0	0	0
180	вот	он поехал	evaluation_r	1	3.0	0	1	0	3.0	1.0	2	4.0	0	2	0	4.0	1.0	0.3333333333333333	0	0	0	0	0	0	0	0.0	0.0	0.0	0	0	0	1	0	0	1	0	0	0	0	0	0.0	0.0	0.5	0	0	0	0	1
181	а потом эти трое ребят подобрали с земли шляпу	кто-то ещё из фермеров провёл мимо козу	sequence_m	9	4.222222222222222	0	9	0	4.222222222222222	1.0	7	4.714285714285714	0	7	0	4.714285714285714	1.0	0.6953433201576495	3	1	0	1	0	1	0	0.3333333333333333	0.0	0.1111111111111111	1	1	0	0	0	2	1	0	1	0	0	0	0.2857142857142857	0.0	0.14285714285714285	2	0	0	0	1
182	которую он обронил	а потом эти трое ребят подобрали с земли шляпу	elaboration_r	3	5.333333333333333	0	3	0	5.333333333333333	1.0	9	4.222222222222222	0	9	0	4.222222222222222	1.0	0.5516772843673705	0	1	0	0	0	0	0	0.0	0.0	0.3333333333333333	0	0	0	0	2	3	1	0	1	0	1	0	0.3333333333333333	0.0	0.1111111111111111	1	1	0	0	0
183	ему один отнёс шляпу	а потом эти трое ребят подобрали с земли шляпу	sequence_m	4	4.25	0	4	0	4.25	1.0	9	4.222222222222222	0	9	0	4.222222222222222	1.0	0.5897678246195885	1	1	0	0	0	0	0	0.25	0.0	0.25	0	0	0	0	1	3	1	0	1	0	1	0	0.3333333333333333	0.0	0.1111111111111111	1	1	0	0	0
184	и он надел на себя шляпу	а потом эти трое ребят подобрали с земли шляпу	sequence_m	6	3.1666666666666665	0	6	0	3.1666666666666665	1.0	9	4.222222222222222	0	9	0	4.222222222222222	1.0	0.6756639246921762	1	1	0	0	0	0	0	0.16666666666666666	0.0	0.16666666666666666	1	1	0	0	2	3	1	0	1	0	1	0	0.3333333333333333	0.0	0.1111111111111111	1	1	0	0	0
185	тоже ни слова благодарности	а потом эти трое ребят подобрали с земли шляпу	evaluation_r	4	6.0	0	4	0	6.0	1.0	9	4.222222222222222	0	9	0	4.222222222222222	1.0	0.659380473395787	2	0	0	0	0	0	0	0.5	0.0	0.0	0	0	0	2	0	3	1	0	1	0	1	0	0.3333333333333333	0.0	0.1111111111111111	1	1	0	0	0
186	всё полностью в молчании	тоже ни слова благодарности	joint_m	4	5.25	0	4	0	5.25	1.0	4	6.0	0	4	0	6.0	1.0	0.7934920476158722	1	0	0	1	0	0	0	0.25	0.0	0.0	1	0	0	0	1	2	0	0	0	0	0	0	0.5	0.0	0.0	0	0	0	2	0
187	и пока значит все	эти трое ребят пошли туда	evaluation_r	4	3.5	0	4	0	3.5	1.0	5	4.2	0	5	0	4.2	1.0	0.6324555320336759	0	1	0	1	0	0	0	0.0	0.0	0.25	0	1	0	0	1	1	1	0	1	0	1	0	0.2	0.0	0.2	0	0	0	0	0
188	эти трое ребят пошли туда	кто-то ещё из фермеров провёл мимо козу	sequence_m	5	4.2	0	5	0	4.2	1.0	7	4.714285714285714	0	7	0	4.714285714285714	1.0	0.6602252917735247	1	1	0	1	0	1	0	0.2	0.0	0.2	0	0	0	0	0	2	1	0	1	0	0	0	0.2857142857142857	0.0	0.14285714285714285	2	0	0	0	1
189	где этот фермер собирал груши	эти трое ребят пошли туда	background_r	5	5.0	0	5	0	5.0	1.0	5	4.2	0	5	0	4.2	1.0	0.7810026831848278	2	1	0	1	0	0	0	0.4	0.0	0.2	0	0	0	0	0	1	1	0	1	0	1	0	0.2	0.0	0.2	0	0	0	0	0
190	а там у него одна корзина пустая	он слез с дерева с пустым фартуком	background_r	7	3.7142857142857144	0	7	0	3.7142857142857144	1.0	7	4.0	0	6	0	4.0	0.8571428571428571	0.8224783208299743	1	0	1	1	0	1	0	0.14285714285714285	0.14285714285714285	0.0	1	1	0	0	1	2	1	1	0	0	0	0	0.2857142857142857	0.14285714285714285	0.14285714285714285	2	0	0	0	1
191	он слез с дерева с пустым фартуком	эти трое ребят пошли туда	background_r	7	4.0	0	6	0	4.0	0.8571428571428571	5	4.2	0	5	0	4.2	1.0	0.5753186369767459	2	1	1	0	0	0	0	0.2857142857142857	0.14285714285714285	0.14285714285714285	2	0	0	0	1	1	1	0	1	0	1	0	0.2	0.0	0.2	0	0	0	0	0
192	сел на ступеньке лестницы	он слез с дерева с пустым фартуком	sequence_m	4	5.5	0	4	0	5.5	1.0	7	4.0	0	6	0	4.0	0.8571428571428571	0.7276068751089989	2	1	0	0	0	0	0	0.5	0.0	0.25	1	0	0	0	0	2	1	1	0	0	0	0	0.2857142857142857	0.14285714285714285	0.14285714285714285	2	0	0	0	1
193	по которой лез наверх	сел на ступеньке лестницы	elaboration_r	4	4.5	0	4	0	4.5	1.0	4	5.5	0	4	0	5.5	1.0	0.6633249580710799	0	1	0	1	0	0	0	0.0	0.0	0.25	1	0	0	0	1	2	1	0	0	0	0	0	0.5	0.0	0.25	1	0	0	0	0
194	вот значит трое ребят проходят мимо тоже в молчании	эти трое ребят пошли туда	evaluation_r	9	4.777777777777778	0	9	0	4.777777777777778	1.0	5	4.2	0	5	0	4.2	1.0	0.3315698821285681	2	1	0	2	0	1	0	0.2222222222222222	0.0	0.1111111111111111	1	0	0	2	0	1	1	0	1	0	1	0	0.2	0.0	0.2	0	0	0	0	0
195	тоже ни слова спасибо за эти груши ничего	вот значит трое ребят проходят мимо тоже в молчании	joint_m	8	4.25	0	8	0	4.25	1.0	9	4.777777777777778	0	9	0	4.777777777777778	1.0	0.7796429549831781	3	0	0	0	0	0	0	0.375	0.0	0.0	1	0	0	2	1	2	1	0	2	0	1	0	0.2222222222222222	0.0	0.1111111111111111	1	0	0	2	0
196	ну и всё фильм на этом кончился	кто-то ещё из фермеров провёл мимо козу	elaboration_r	7	3.5714285714285716	0	7	0	3.5714285714285716	1.0	7	4.714285714285714	0	7	0	4.714285714285714	1.0	0.6979824404521128	1	1	0	0	0	0	0	0.14285714285714285	0.0	0.14285714285714285	1	1	0	1	1	2	1	0	1	0	0	0	0.2857142857142857	0.0	0.14285714285714285	2	0	0	0	1
197	здравствуйте	как мальчик взял груши	evaluation_r	1	12.0	0	1	0	12.0	1.0	4	4.75	0	4	0	4.75	1.0	0.4767312946227961	0	1	0	0	0	0	0	0.0	0.0	1.0	0	0	0	0	0	2	1	0	0	0	0	0	0.5	0.0	0.25	0	0	1	0	0
198	фильм о том	как мальчик взял груши	preparation_r	3	3.0	0	3	0	3.0	1.0	4	4.75	0	4	0	4.75	1.0	0.5222329678670935	1	0	0	0	0	0	0	0.3333333333333333	0.0	0.0	1	0	0	0	1	2	1	0	0	0	0	0	0.5	0.0	0.25	0	0	1	0	0
199	поехал	как мальчик взял груши	sequence_m	1	6.0	0	1	0	6.0	1.0	4	4.75	0	4	0	4.75	1.0	0.30151134457776363	0	1	0	0	0	0	0	0.0	0.0	1.0	0	0	0	0	0	2	1	0	0	0	0	0	0.5	0.0	0.25	0	0	1	0	0
200	но они у него рассыпались случайно	как мальчик взял груши	antithesis_r	6	4.833333333333333	0	6	0	4.833333333333333	1.0	4	4.75	0	4	0	4.75	1.0	0.4623435232766115	0	1	0	1	0	0	0	0.0	0.0	0.16666666666666666	1	1	0	0	2	2	1	0	0	0	0	0	0.5	0.0	0.25	0	0	1	0	0
201	ему там другие мальчики помогли	как мальчик взял груши	sequence_m	5	5.4	0	5	0	5.4	1.0	4	4.75	0	4	0	4.75	1.0	0.5664775805625395	1	1	1	1	0	0	0	0.2	0.2	0.2	0	0	0	0	1	2	1	0	0	0	0	0	0.5	0.0	0.25	0	0	1	0	0
202	и он с ними подружился вот этими вот грушами	ему там другие мальчики помогли	sequence_m	9	4.0	0	8	0	4.0	0.8888888888888888	5	5.4	0	5	0	5.4	1.0	0.5538689268988192	1	1	0	0	0	0	0	0.1111111111111111	0.0	0.1111111111111111	1	1	0	2	2	1	1	1	1	0	0	0	0.2	0.2	0.2	0	0	0	0	1
203	и вроде	они сели дружить	evaluation_r	2	3.0	0	2	0	3.0	1.0	3	4.666666666666667	0	3	0	4.666666666666667	1.0	0.6123724356957946	0	0	0	0	0	0	0	0.0	0.0	0.0	1	1	0	0	0	0	2	0	0	0	0	0	0.0	0.0	0.6666666666666666	0	0	0	0	1
204	как я поняла	они сели дружить	evaluation_r	3	3.3333333333333335	0	3	0	3.3333333333333335	1.0	3	4.666666666666667	0	3	0	4.666666666666667	1.0	0.5590169943749475	0	1	0	1	0	0	0	0.0	0.0	0.3333333333333333	0	0	0	0	1	0	2	0	0	0	0	0	0.0	0.0	0.6666666666666666	0	0	0	0	1
205	они сели дружить	ему там другие мальчики помогли	evaluation_r	3	4.666666666666667	0	3	0	4.666666666666667	1.0	5	5.4	0	5	0	5.4	1.0	0.6475761258027333	0	2	0	0	0	0	0	0.0	0.0	0.6666666666666666	0	0	0	0	1	1	1	1	1	0	0	0	0.2	0.2	0.2	0	0	0	0	1
206	нормально?	как мальчик взял груши	evaluation_r	1	10.0	0	1	0	10.0	1.0	4	4.75	0	4	0	4.75	1.0	0.4767312946227961	0	0	1	0	0	0	0	0.0	1.0	0.0	0	0	0	0	0	2	1	0	0	0	0	0	0.5	0.0	0.25	0	0	1	0	0
207	один человек собирал урожай груш	то есть залез по лестнице на дерево	background_r	5	5.6	0	5	0	5.6	1.0	7	4.142857142857143	0	7	0	4.142857142857143	1.0	0.7367883976130072	3	1	0	0	0	1	0	0.6	0.0	0.2	0	0	0	0	0	2	2	0	0	0	0	0	0.2857142857142857	0.0	0.2857142857142857	2	0	0	0	1
208	вот пока он собирал груши	мальчик приехал на велосипеде	background_r	5	4.2	0	5	0	4.2	1.0	4	6.5	0	4	0	6.5	1.0	0.7191949522280763	1	1	0	1	0	0	0	0.2	0.0	0.2	0	0	0	1	1	2	1	0	0	0	0	0	0.5	0.0	0.25	1	0	0	0	0
209	мальчик приехал на велосипеде	то есть залез по лестнице на дерево	sequence_m	4	6.5	0	4	0	6.5	1.0	7	4.142857142857143	0	7	0	4.142857142857143	1.0	0.7559289460184544	2	1	0	0	0	0	0	0.5	0.0	0.25	1	0	0	0	0	2	2	0	0	0	0	0	0.2857142857142857	0.0	0.2857142857142857	2	0	0	0	1
210	и взял одну корзину с грушами	мальчик приехал на велосипеде	sequence_m	6	4.0	0	6	0	4.0	1.0	4	6.5	0	4	0	6.5	1.0	0.7427813527082074	2	1	0	0	0	1	0	0.3333333333333333	0.0	0.16666666666666666	1	1	0	0	0	2	1	0	0	0	0	0	0.5	0.0	0.25	1	0	0	0	0
211	и и повёз её	мальчик приехал на велосипеде	sequence_m	4	2.25	0	3	0	2.25	0.75	4	6.5	0	4	0	6.5	1.0	0.5570860145311556	0	1	0	0	0	0	0	0.0	0.0	0.25	0	1	0	1	1	2	1	0	0	0	0	0	0.5	0.0	0.25	1	0	0	0	0
212	по дороге он уронил груши	то есть залез по лестнице на дерево	sequence_m	5	4.2	0	5	0	4.2	1.0	7	4.142857142857143	0	7	0	4.142857142857143	1.0	0.6546536707079771	2	1	0	0	0	0	0	0.4	0.0	0.2	1	0	0	0	1	2	2	0	0	0	0	0	0.2857142857142857	0.0	0.2857142857142857	2	0	0	0	1
213	упал с велосипеда	по дороге он уронил груши	restatement_r	3	5.0	0	3	0	5.0	1.0	5	4.2	0	5	0	4.2	1.0	0.6	1	1	0	0	0	0	0	0.3333333333333333	0.0	0.3333333333333333	1	0	0	0	0	2	1	0	0	0	0	0	0.4	0.0	0.2	1	0	0	0	1
214	и все груши покатились по полу по земле	упал с велосипеда	cause_r	8	4.0	0	7	0	4.0	0.875	3	5.0	0	3	0	5.0	1.0	0.2575093578082308	3	1	0	0	0	0	0	0.375	0.0	0.125	2	1	0	0	0	1	1	0	0	0	0	0	0.3333333333333333	0.0	0.3333333333333333	1	0	0	0	0
215	мимо шли мальчики	то есть залез по лестнице на дерево	sequence_m	3	5.0	0	3	0	5.0	1.0	7	4.142857142857143	0	7	0	4.142857142857143	1.0	0.47809144373375745	1	1	0	1	0	0	0	0.3333333333333333	0.0	0.3333333333333333	0	0	0	0	0	2	2	0	0	0	0	0	0.2857142857142857	0.0	0.2857142857142857	2	0	0	0	1
216	помогли ему собрать обратно все груши	мимо шли мальчики	sequence_m	6	5.333333333333333	0	6	0	5.333333333333333	1.0	3	5.0	0	3	0	5.0	1.0	0.24804883822851312	1	2	0	1	0	0	0	0.16666666666666666	0.0	0.3333333333333333	0	0	0	0	1	1	1	0	1	0	0	0	0.3333333333333333	0.0	0.3333333333333333	0	0	0	0	0
217	вот и он поехал дальше	то есть залез по лестнице на дерево	sequence_m	5	3.6	0	5	0	3.6	1.0	7	4.142857142857143	0	7	0	4.142857142857143	1.0	0.7559289460184544	0	1	0	1	0	0	0	0.0	0.0	0.2	0	0	0	2	1	2	2	0	0	0	0	0	0.2857142857142857	0.0	0.2857142857142857	2	0	0	0	1
218	по дороге встретились ему ещё мальчики	вот и он поехал дальше	sequence_m	6	5.5	0	6	0	5.5	1.0	5	3.6	0	5	0	3.6	1.0	0.43709353188972977	2	1	0	1	0	0	0	0.3333333333333333	0.0	0.16666666666666666	1	0	0	0	1	0	1	0	1	0	0	0	0.0	0.0	0.2	0	0	0	2	1
219	и они сказали ему	что он потерял шляпу	evidence_r	4	3.5	0	4	0	3.5	1.0	4	4.25	0	4	0	4.25	1.0	0.6324555320336759	0	1	0	0	0	0	0	0.0	0.0	0.25	0	1	0	0	2	1	1	0	0	0	0	0	0.25	0.0	0.25	0	0	1	0	1
220	что он потерял шляпу	вот и он поехал дальше	sequence_m	4	4.25	0	4	0	4.25	1.0	5	3.6	0	5	0	3.6	1.0	0.7687061147858074	1	1	0	0	0	0	0	0.25	0.0	0.25	0	0	1	0	1	0	1	0	1	0	0	0	0.0	0.0	0.2	0	0	0	2	1
221	отдали ему шляпу	что он потерял шляпу	sequence_m	3	4.666666666666667	0	3	0	4.666666666666667	1.0	4	4.25	0	4	0	4.25	1.0	0.7416198487095663	1	1	0	0	0	0	0	0.3333333333333333	0.0	0.3333333333333333	0	0	0	0	1	1	1	0	0	0	0	0	0.25	0.0	0.25	0	0	1	0	1
222	и он за это им дал груш	что он потерял шляпу	cause_r	7	2.4285714285714284	0	7	0	2.4285714285714284	1.0	4	4.25	0	4	0	4.25	1.0	0.6383181192594685	1	1	0	0	0	0	0	0.14285714285714285	0.0	0.14285714285714285	1	1	0	0	3	1	1	0	0	0	0	0	0.25	0.0	0.25	0	0	1	0	1
223	да	человек	evaluation_r	1	2.0	0	1	0	2.0	1.0	1	7.0	0	1	0	7.0	1.0	0.0	0	0	0	0	0	0	0	0.0	0.0	0.0	0	0	0	0	0	1	0	0	0	0	0	0	1.0	0.0	0.0	0	0	0	0	0
224	человек	то есть залез по лестнице на дерево	sequence_m	1	7.0	0	1	0	7.0	1.0	7	4.142857142857143	0	7	0	4.142857142857143	1.0	0.3779644730092272	1	0	0	0	0	0	0	1.0	0.0	0.0	0	0	0	0	0	2	2	0	0	0	0	0	0.2857142857142857	0.0	0.2857142857142857	2	0	0	0	1
225	который собирал груши	человек	elaboration_r	3	6.333333333333333	0	3	0	6.333333333333333	1.0	1	7.0	0	1	0	7.0	1.0	0.08859773994715227	1	1	0	0	0	0	0	0.3333333333333333	0.0	0.3333333333333333	0	0	0	0	1	1	0	0	0	0	0	0	1.0	0.0	0.0	0	0	0	0	0
226	спустился с лестницы	человек	joint_m	3	6.0	0	3	0	6.0	1.0	1	7.0	0	1	0	7.0	1.0	0.08344860535217316	1	1	0	0	0	0	0	0.3333333333333333	0.0	0.3333333333333333	1	0	0	0	0	1	0	0	0	0	0	0	1.0	0.0	0.0	0	0	0	0	0
227	он заметил	что не хватает корзины	evidence_r	2	4.5	0	2	0	4.5	1.0	4	4.75	0	4	0	4.75	1.0	0.6030226891555273	0	1	0	0	0	0	0	0.0	0.0	0.5	0	0	0	0	1	1	1	0	0	0	0	0	0.25	0.0	0.25	0	0	1	1	0
228	что не хватает корзины	человек	evaluation_r	4	4.75	0	4	0	4.75	1.0	1	7.0	0	1	0	7.0	1.0	0.10861644205861179	1	1	0	0	0	0	0	0.25	0.0	0.25	0	0	1	1	0	1	0	0	0	0	0	0	1.0	0.0	0.0	0	0	0	0	0
229	вот	то есть залез по лестнице на дерево	evaluation_r	1	3.0	0	1	0	3.0	1.0	7	4.142857142857143	0	7	0	4.142857142857143	1.0	0.29277002188455997	0	0	0	0	0	0	0	0.0	0.0	0.0	0	0	0	1	0	2	2	0	0	0	0	0	0.2857142857142857	0.0	0.2857142857142857	2	0	0	0	1
230	сюжет фильма заключается в том	и мужчина	preparation_r	5	5.2	0	5	0	5.2	1.0	2	4.0	0	2	0	4.0	1.0	0.07917728020712005	2	1	0	0	0	0	0	0.4	0.0	0.2	1	0	0	0	1	1	0	0	0	0	0	0	0.5	0.0	0.0	0	1	0	0	0
231	что наступила пора сбора груш	сюжет фильма заключается в том	joint_m	5	5.0	0	5	0	5.0	1.0	5	5.2	0	5	0	5.2	1.0	0.7071067811865476	3	1	0	0	0	0	0	0.6	0.0	0.2	0	0	1	0	0	2	1	0	0	0	0	0	0.4	0.0	0.2	1	0	0	0	1
232	собирая груши	и мужчина	circumstance_r	2	6.0	0	2	0	6.0	1.0	2	4.0	0	2	0	4.0	1.0	0.4779076447896994	1	1	0	0	0	0	0	0.5	0.0	0.5	0	0	0	0	0	1	0	0	0	0	0	0	0.5	0.0	0.0	0	1	0	0	0
233	собрал две полных корзины	и мужчина	result_r	4	5.5	0	4	0	5.5	1.0	2	4.0	0	2	0	4.0	1.0	0.11267554360404405	1	1	1	0	0	1	0	0.25	0.25	0.25	0	0	0	0	0	1	0	0	0	0	0	0	0.5	0.0	0.0	0	1	0	0	0
234	очень бережно и аккуратно	и мужчина	evaluation_r	4	5.5	0	4	0	5.5	1.0	2	4.0	0	2	0	4.0	1.0	0.1490557336076575	0	0	0	3	0	0	0	0.0	0.0	0.0	0	1	0	0	0	1	0	0	0	0	0	0	0.5	0.0	0.0	0	1	0	0	0
235	грушу	очень бережно и аккуратно	evidence_r	1	5.0	0	1	0	5.0	1.0	4	5.5	0	4	0	5.5	1.0	0.282842712474619	1	0	0	0	0	0	0	1.0	0.0	0.0	0	0	0	0	0	0	0	0	3	0	0	0	0.0	0.0	0.0	0	1	0	0	0
236	которая упала	грушу	elaboration_r	2	6.0	0	2	0	6.0	1.0	1	5.0	0	1	0	5.0	1.0	0.1276905697040564	0	1	0	0	0	0	0	0.0	0.0	0.5	0	0	0	0	1	1	0	0	0	0	0	0	1.0	0.0	0.0	0	0	0	0	0
237	он даже обтёр своим платком	грушу	joint_m	5	4.6	0	5	0	4.6	1.0	1	5.0	0	1	0	5.0	1.0	0.005490593321226341	1	1	0	0	0	0	0	0.2	0.0	0.2	0	0	0	1	1	1	0	0	0	0	0	0	1.0	0.0	0.0	0	0	0	0	0
238	и было собрано уже две корзины груш	и мужчина	sequence_m	7	4.142857142857143	0	7	0	4.142857142857143	1.0	2	4.0	0	2	0	4.0	1.0	0.049068102296204015	2	1	0	1	1	1	0	0.2857142857142857	0.0	0.14285714285714285	0	1	0	0	0	1	0	0	0	0	0	0	0.5	0.0	0.0	0	1	0	0	0
239	когда мимо проезжал мальчик	и было собрано уже две корзины груш	background_r	4	6.0	0	4	0	6.0	1.0	7	4.142857142857143	0	7	0	4.142857142857143	1.0	0.6969320524371696	1	1	0	1	0	0	0	0.25	0.0	0.25	0	0	1	0	0	2	1	0	1	1	1	0	0.2857142857142857	0.0	0.14285714285714285	0	1	0	0	0
240	захотел угоститься грушей	когда мимо проезжал мальчик	evaluation_r	3	7.666666666666667	0	3	0	7.666666666666667	1.0	4	6.0	0	4	0	6.0	1.0	0.6666666666666666	1	2	0	0	0	0	0	0.3333333333333333	0.0	0.6666666666666666	0	0	0	0	0	1	1	0	1	0	0	0	0.25	0.0	0.25	0	0	1	0	0
241	но потом передумал	и взял целую корзину	cause_r	3	5.333333333333333	0	3	0	5.333333333333333	1.0	4	4.25	0	4	0	4.25	1.0	0.6324555320336759	0	1	0	1	0	0	0	0.0	0.0	0.3333333333333333	0	1	0	0	0	1	1	1	0	0	0	0	0.25	0.25	0.25	0	1	0	0	0
242	и взял целую корзину	когда мимо проезжал мальчик	evaluation_r	4	4.25	0	4	0	4.25	1.0	4	6.0	0	4	0	6.0	1.0	0.6666666666666666	1	1	1	0	0	0	0	0.25	0.25	0.25	0	1	0	0	0	1	1	0	1	0	0	0	0.25	0.0	0.25	0	0	1	0	0
243	и так получилось	что он её поставил на велосипед	evaluation_r	3	4.666666666666667	0	3	0	4.666666666666667	1.0	6	4.333333333333333	0	6	0	4.333333333333333	1.0	0.6475761258027333	0	1	0	1	0	0	0	0.0	0.0	0.3333333333333333	0	1	0	0	0	1	1	0	0	0	0	0	0.16666666666666666	0.0	0.16666666666666666	1	0	1	0	2
244	что он её поставил на велосипед	и мужчина	sequence_m	6	4.333333333333333	0	6	0	4.333333333333333	1.0	2	4.0	0	2	0	4.0	1.0	0.07085094332775922	1	1	0	0	0	0	0	0.16666666666666666	0.0	0.16666666666666666	1	0	1	0	2	1	0	0	0	0	0	0	0.5	0.0	0.0	0	1	0	0	0
245	поехал	что он её поставил на велосипед	sequence_m	1	6.0	0	1	0	6.0	1.0	6	4.333333333333333	0	6	0	4.333333333333333	1.0	0.4016096644512494	0	1	0	0	0	0	0	0.0	0.0	1.0	0	0	0	0	0	1	1	0	0	0	0	0	0.16666666666666666	0.0	0.16666666666666666	1	0	1	0	2
246	встретив девочку на велосипеде	у него упала шляпа	background_r	4	6.75	0	4	0	6.75	1.0	4	3.75	0	4	0	3.75	1.0	0.38267852632299226	2	1	0	0	0	0	0	0.5	0.0	0.25	1	0	0	0	0	1	1	0	0	0	0	0	0.25	0.0	0.25	1	0	0	0	1
247	у него упала шляпа	и мужчина	sequence_m	4	3.75	0	4	0	3.75	1.0	2	4.0	0	2	0	4.0	1.0	0.24525296078096154	1	1	0	0	0	0	0	0.25	0.0	0.25	1	0	0	0	1	1	0	0	0	0	0	0	0.5	0.0	0.0	0	1	0	0	0
248	он поехал дальше	у него упала шляпа	sequence_m	3	4.666666666666667	0	3	0	4.666666666666667	1.0	4	3.75	0	4	0	3.75	1.0	0.7817359599705717	0	1	0	1	0	0	0	0.0	0.0	0.3333333333333333	0	0	0	0	1	1	1	0	0	0	0	0	0.25	0.0	0.25	1	0	0	0	1
249	и нечаянно упал с велосипеда	он поехал дальше	sequence_m	5	4.8	0	5	0	4.8	1.0	3	4.666666666666667	0	3	0	4.666666666666667	1.0	0.4257854566804733	1	1	0	1	0	0	0	0.2	0.0	0.2	1	1	0	0	0	0	1	0	1	0	0	0	0.0	0.0	0.3333333333333333	0	0	0	0	1
250	рассыпав всю корзину груш	он поехал дальше	cause_r	4	5.5	0	4	0	5.5	1.0	3	4.666666666666667	0	3	0	4.666666666666667	1.0	0.40289729917086176	2	1	0	0	0	0	0	0.5	0.0	0.25	0	0	0	0	0	0	1	0	1	0	0	0	0.0	0.0	0.3333333333333333	0	0	0	0	1
251	к нему подошли ребята	и мужчина	sequence_m	4	4.5	0	4	0	4.5	1.0	2	4.0	0	2	0	4.0	1.0	0.21522616201382444	1	1	0	0	0	0	0	0.25	0.0	0.25	1	0	0	0	1	1	0	0	0	0	0	0	0.5	0.0	0.0	0	1	0	0	0
252	которые оказались рядом	к нему подошли ребята	elaboration_r	3	7.0	0	3	0	7.0	1.0	4	4.5	0	4	0	4.5	1.0	0.7423231271372497	0	1	0	1	0	0	0	0.0	0.0	0.3333333333333333	0	0	0	0	1	1	1	0	0	0	0	0	0.25	0.0	0.25	1	0	0	0	1
253	помогли собрать корзину	к нему подошли ребята	sequence_m	3	7.0	0	3	0	7.0	1.0	4	4.5	0	4	0	4.5	1.0	0.7683774359110975	1	2	0	0	0	0	0	0.3333333333333333	0.0	0.6666666666666666	0	0	0	0	0	1	1	0	0	0	0	0	0.25	0.0	0.25	1	0	0	0	1
254	после чего он угостил ребят грушами	к нему подошли ребята	sequence_m	6	5.0	0	6	0	5.0	1.0	4	4.5	0	4	0	4.5	1.0	0.4883570914519127	2	1	0	0	0	0	0	0.3333333333333333	0.0	0.16666666666666666	1	0	0	0	2	1	1	0	0	0	0	0	0.25	0.0	0.25	1	0	0	0	1
255	и их пути разошлись	к нему подошли ребята	sequence_m	4	4.0	0	4	0	4.0	1.0	4	4.5	0	4	0	4.5	1.0	0.7559289460184544	1	1	0	0	0	0	0	0.25	0.0	0.25	0	1	0	0	0	1	1	0	0	0	0	0	0.25	0.0	0.25	1	0	0	0	1
256	после чего ребята нашли шляпу	и мужчина	sequence_m	5	5.0	0	5	0	5.0	1.0	2	4.0	0	2	0	4.0	1.0	0.08848212044257439	2	1	0	0	0	0	0	0.4	0.0	0.2	1	0	0	0	1	1	0	0	0	0	0	0	0.5	0.0	0.0	0	1	0	0	0
257	которая была уронена по пути этим мальчиком	после чего ребята нашли шляпу	elaboration_r	7	5.285714285714286	0	7	0	5.285714285714286	1.0	5	5.0	0	5	0	5.0	1.0	0.5251111540391156	2	1	0	0	1	0	0	0.2857142857142857	0.0	0.14285714285714285	1	0	0	0	1	2	1	0	0	0	0	0	0.4	0.0	0.2	1	0	0	0	1
258	вернули ему	после чего ребята нашли шляпу	cause_r	2	5.0	0	2	0	5.0	1.0	5	5.0	0	5	0	5.0	1.0	0.5252257314388902	0	1	0	0	0	0	0	0.0	0.0	0.5	0	0	0	0	1	2	1	0	0	0	0	0	0.4	0.0	0.2	1	0	0	0	1
259	пошли они дальше	и мужчина	sequence_m	3	4.666666666666667	0	3	0	4.666666666666667	1.0	2	4.0	0	2	0	4.0	1.0	0.34243579105439625	0	1	0	1	0	0	0	0.0	0.0	0.3333333333333333	0	0	0	0	1	1	0	0	0	0	0	0	0.5	0.0	0.0	0	1	0	0	0
260	дошли до мужчины	пошли они дальше	sequence_m	3	4.666666666666667	0	3	0	4.666666666666667	1.0	3	4.666666666666667	0	3	0	4.666666666666667	1.0	0.7905694150420948	1	1	0	0	0	0	0	0.3333333333333333	0.0	0.3333333333333333	1	0	0	0	0	0	1	0	1	0	0	0	0.0	0.0	0.3333333333333333	0	0	0	0	1
261	который собирал груши	дошли до мужчины	elaboration_r	3	6.333333333333333	0	3	0	6.333333333333333	1.0	3	4.666666666666667	0	3	0	4.666666666666667	1.0	0.5783929398120009	1	1	0	0	0	0	0	0.3333333333333333	0.0	0.3333333333333333	0	0	0	0	1	1	1	0	0	0	0	0	0.3333333333333333	0.0	0.3333333333333333	1	0	0	0	0
262	пока	мужчина в это время уже слез с дерева	evaluation_r	1	4.0	0	1	0	4.0	1.0	8	3.75	0	8	0	3.75	1.0	0.2324952774876386	0	0	0	1	0	0	0	0.0	0.0	0.0	0	0	0	0	0	3	1	0	1	0	0	0	0.375	0.0	0.125	2	0	0	0	0
263	сейчас скажу	пока	joint_m	2	5.5	0	2	0	5.5	1.0	1	4.0	0	1	0	4.0	1.0	0.09569649651041094	0	1	0	1	0	0	0	0.0	0.0	0.5	0	0	0	0	0	0	0	0	1	0	0	0	0.0	0.0	0.0	0	0	0	0	0
264	мужчина в это время уже слез с дерева	и мужчина	sequence_m	8	3.75	0	8	0	3.75	1.0	2	4.0	0	2	0	4.0	1.0	0.04200348747868133	3	1	0	1	0	0	0	0.375	0.0	0.125	2	0	0	0	0	1	0	0	0	0	0	0	0.5	0.0	0.0	0	1	0	0	0
265	и обнаружил пропажу одной из корзин	мужчина в это время уже слез с дерева	sequence_m	6	5.0	0	6	0	5.0	1.0	8	3.75	0	8	0	3.75	1.0	0.7165985720844784	2	1	0	0	0	1	0	0.3333333333333333	0.0	0.16666666666666666	1	1	0	0	0	3	1	0	1	0	0	0	0.375	0.0	0.125	2	0	0	0	0
266	поэтому он очень удивился	мужчина в это время уже слез с дерева	cause_r	4	5.5	0	4	0	5.5	1.0	8	3.75	0	8	0	3.75	1.0	0.6974858324629157	0	1	0	2	0	0	0	0.0	0.0	0.25	0	0	0	0	1	3	1	0	1	0	0	0	0.375	0.0	0.125	2	0	0	0	0
267	встретив ребят	поэтому он очень удивился	background_r	2	6.5	0	2	0	6.5	1.0	4	5.5	0	4	0	5.5	1.0	0.5291502622129182	1	1	0	0	0	0	0	0.5	0.0	0.5	0	0	0	0	0	0	1	0	2	0	0	0	0.0	0.0	0.25	0	0	0	0	1
268	которые ели эти груши по пути	встретив ребят	elaboration_r	6	4.0	0	6	0	4.0	1.0	2	6.5	0	2	0	6.5	1.0	0.27462604377176725	2	1	0	0	0	0	0	0.3333333333333333	0.0	0.16666666666666666	1	0	0	0	1	1	1	0	0	0	0	0	0.5	0.0	0.5	0	0	0	0	0
269	вот как бы всё	и мужчина	evaluation_r	4	2.75	0	4	0	2.75	1.0	2	4.0	0	2	0	4.0	1.0	0.27046995635494464	0	0	0	1	0	0	0	0.0	0.0	0.0	0	0	0	2	1	1	0	0	0	0	0	0	0.5	0.0	0.0	0	1	0	0	0
270	складывал их в корзину что ли	в начале фильма мужик лет  сорока пяти - сорока пяти собирал яблоки	sequence_m	6	4.0	0	6	0	4.0	1.0	12	4.583333333333333	0	10	0	4.583333333333333	0.8333333333333334	0.5985056016645798	1	1	0	0	0	0	0	0.16666666666666666	0.0	0.16666666666666666	1	0	1	1	1	5	1	0	0	0	4	0	0.4166666666666667	0.0	0.08333333333333333	1	0	0	0	0
271	потом подъехал=	в начале фильма мужик лет  сорока пяти - сорока пяти собирал яблоки	sequence_m	2	7.0	0	2	0	7.0	1.0	12	4.583333333333333	0	10	0	4.583333333333333	0.8333333333333334	0.4051902077760665	0	0	0	1	0	0	0	0.0	0.0	0.0	0	0	0	0	0	5	1	0	0	0	4	0	0.4166666666666667	0.0	0.08333333333333333	1	0	0	0	0
272	потом подъехал мальчик	потом подъехал=	restatement_r	3	6.666666666666667	0	3	0	6.666666666666667	1.0	2	7.0	0	2	0	7.0	1.0	0.6058256125410114	1	1	0	1	0	0	0	0.3333333333333333	0.0	0.3333333333333333	0	0	0	0	0	0	0	0	1	0	0	0	0.0	0.0	0.0	0	0	0	0	0
273	забрал эту корзину	потом подъехал=	sequence_m	3	5.333333333333333	0	3	0	5.333333333333333	1.0	2	7.0	0	2	0	7.0	1.0	0.47269442068339784	1	1	0	0	0	0	0	0.3333333333333333	0.0	0.3333333333333333	0	0	0	0	0	0	0	0	1	0	0	0	0.0	0.0	0.0	0	0	0	0	0
274	поставил на велосипед	потом подъехал=	sequence_m	3	6.333333333333333	0	3	0	6.333333333333333	1.0	2	7.0	0	2	0	7.0	1.0	0.5473140257154154	1	1	0	0	0	0	0	0.3333333333333333	0.0	0.3333333333333333	1	0	0	0	0	0	0	0	1	0	0	0	0.0	0.0	0.0	0	0	0	0	0
275	поехал	в начале фильма мужик лет  сорока пяти - сорока пяти собирал яблоки	sequence_m	1	6.0	0	1	0	6.0	1.0	12	4.583333333333333	0	10	0	4.583333333333333	0.8333333333333334	0.2731791823540765	0	1	0	0	0	0	0	0.0	0.0	1.0	0	0	0	0	0	5	1	0	0	0	4	0	0.4166666666666667	0.0	0.08333333333333333	1	0	0	0	0
276	встретил девочку	поехал	sequence_m	2	7.5	0	2	0	7.5	1.0	1	6.0	0	1	0	6.0	1.0	0.13355521956713712	1	1	0	0	0	0	0	0.5	0.0	0.5	0	0	0	0	0	0	1	0	0	0	0	0	0.0	0.0	1.0	0	0	0	0	0
277	она ехала ему навстречу на велосипеде	встретил девочку	elaboration_r	6	5.333333333333333	0	6	0	5.333333333333333	1.0	2	7.5	0	2	0	7.5	1.0	0.2517633559614465	1	1	0	1	0	0	0	0.16666666666666666	0.0	0.16666666666666666	1	0	0	0	2	1	1	0	0	0	0	0	0.5	0.0	0.5	0	0	0	0	0
278	а он растерялся	поехал	contrast_m	3	4.333333333333333	0	3	0	4.333333333333333	1.0	1	6.0	0	1	0	6.0	1.0	0.1821850128630489	0	1	0	0	0	0	0	0.0	0.0	0.3333333333333333	0	1	0	0	1	0	1	0	0	0	0	0	0.0	0.0	1.0	0	0	0	0	0
279	и угодил в камень	а он растерялся	cause_r	4	3.5	0	4	0	3.5	1.0	3	4.333333333333333	0	3	0	4.333333333333333	1.0	0.5978571941276357	1	1	0	0	0	0	0	0.25	0.0	0.25	1	1	0	0	0	0	1	0	0	0	0	0	0.0	0.0	0.3333333333333333	0	1	0	0	1
280	и упал	а он растерялся	cause_r	2	2.5	0	2	0	2.5	1.0	3	4.333333333333333	0	3	0	4.333333333333333	1.0	0.447213595499958	0	1	0	0	0	0	0	0.0	0.0	0.5	0	1	0	0	0	0	1	0	0	0	0	0	0.0	0.0	0.3333333333333333	0	1	0	0	1
281	затем трое	в начале фильма мужик лет  сорока пяти - сорока пяти собирал яблоки	sequence_m	2	4.5	0	2	0	4.5	1.0	12	4.583333333333333	0	10	0	4.583333333333333	0.8333333333333334	0.36650833306891567	0	0	0	1	0	1	0	0.0	0.0	0.0	0	0	0	0	0	5	1	0	0	0	4	0	0.4166666666666667	0.0	0.08333333333333333	1	0	0	0	0
282	проходящих	затем трое	joint_m	1	10.0	0	1	0	10.0	1.0	2	4.5	0	2	0	4.5	1.0	0.447213595499958	0	1	0	0	0	0	0	0.0	0.0	1.0	0	0	0	0	0	0	0	0	1	0	1	0	0.0	0.0	0.0	0	0	0	0	0
283	тоже молодых ребят помогли ему собрать яблоки	затем трое	joint_m	7	5.571428571428571	0	7	0	5.571428571428571	1.0	2	4.5	0	2	0	4.5	1.0	0.028647753297581027	2	2	1	0	0	0	0	0.2857142857142857	0.14285714285714285	0.2857142857142857	0	0	0	1	1	0	0	0	1	0	1	0	0.0	0.0	0.0	0	0	0	0	0
284	и подали шляпу	затем трое	sequence_m	3	4.0	0	3	0	4.0	1.0	2	4.5	0	2	0	4.5	1.0	0.36714940996162104	1	1	0	0	0	0	0	0.3333333333333333	0.0	0.3333333333333333	0	1	0	0	0	0	0	0	1	0	1	0	0.0	0.0	0.0	0	0	0	0	0
285	которая упала во время падения его на землю	и подали шляпу	elaboration_r	8	4.5	0	8	0	4.5	1.0	3	4.0	0	3	0	4.0	1.0	0.11665855882794503	3	1	0	0	0	0	0	0.375	0.0	0.125	2	0	0	0	2	1	1	0	0	0	0	0	0.3333333333333333	0.0	0.3333333333333333	0	1	0	0	0
286	подали шляпу	и подали шляпу	restatement_r	2	5.5	0	2	0	5.5	1.0	3	4.0	0	3	0	4.0	1.0	0.9258200997725514	1	1	0	0	0	0	0	0.5	0.0	0.5	0	0	0	0	0	1	1	0	0	0	0	0	0.3333333333333333	0.0	0.3333333333333333	0	1	0	0	0
287	потом этот мужик увидел этих ребят	в начале фильма мужик лет  сорока пяти - сорока пяти собирал яблоки	sequence_m	6	4.833333333333333	0	6	0	4.833333333333333	1.0	12	4.583333333333333	0	10	0	4.583333333333333	0.8333333333333334	0.6348110542727384	2	1	0	1	0	0	0	0.3333333333333333	0.0	0.16666666666666666	0	0	0	0	0	5	1	0	0	0	4	0	0.4166666666666667	0.0	0.08333333333333333	1	0	0	0	0
288	проходящих мимо	потом этот мужик увидел этих ребят	background_r	2	7.0	0	2	0	7.0	1.0	6	4.833333333333333	0	6	0	4.833333333333333	1.0	0.6183469424008423	0	1	0	1	0	0	0	0.0	0.0	0.5	0	0	0	0	0	2	1	0	1	0	0	0	0.3333333333333333	0.0	0.16666666666666666	0	0	0	0	0
289	ну вот и всё	в начале фильма мужик лет  сорока пяти - сорока пяти собирал яблоки	evaluation_r	4	2.25	0	4	0	2.25	1.0	12	4.583333333333333	0	10	0	4.583333333333333	0.8333333333333334	0.3863337046431279	0	0	0	0	0	0	0	0.0	0.0	0.0	0	0	0	3	1	5	1	0	0	0	4	0	0.4166666666666667	0.0	0.08333333333333333	1	0	0	0	0
290	ещё там было что-то про косулю	в начале фильма мужик лет  сорока пяти - сорока пяти собирал яблоки	elaboration_r	6	4.166666666666667	0	6	0	4.166666666666667	1.0	12	4.583333333333333	0	10	0	4.583333333333333	0.8333333333333334	0.6229443807375883	1	1	0	2	0	0	0	0.16666666666666666	0.0	0.16666666666666666	1	0	0	0	1	5	1	0	0	0	4	0	0.4166666666666667	0.0	0.08333333333333333	1	0	0	0	0
291	я это не понял	ещё там было что-то про косулю	evaluation_r	4	2.75	0	4	0	2.75	1.0	6	4.166666666666667	0	6	0	4.166666666666667	1.0	0.5477225575051661	0	1	0	0	0	0	0	0.0	0.0	0.25	0	0	0	1	2	1	1	0	2	0	0	0	0.16666666666666666	0.0	0.16666666666666666	1	0	0	0	1
292	кто-то притащил косулю	ещё там было что-то про косулю	restatement_r	3	6.666666666666667	0	3	0	6.666666666666667	1.0	6	4.166666666666667	0	6	0	4.166666666666667	1.0	0.7958224257542215	1	1	0	0	0	0	0	0.3333333333333333	0.0	0.3333333333333333	0	0	0	0	1	1	1	0	2	0	0	0	0.16666666666666666	0.0	0.16666666666666666	1	0	0	0	1
293	животное	кто-то притащил косулю	restatement_r	1	8.0	0	1	0	8.0	1.0	3	6.666666666666667	0	3	0	6.666666666666667	1.0	0.4264014327112209	1	0	0	0	0	0	0	1.0	0.0	0.0	0	0	0	0	0	1	1	0	0	0	0	0	0.3333333333333333	0.0	0.3333333333333333	0	0	0	0	1
294	и всё	кто-то притащил косулю	evaluation_r	2	2.0	0	2	0	2.0	1.0	3	6.666666666666667	0	3	0	6.666666666666667	1.0	0.3692744729379982	0	0	0	0	0	0	0	0.0	0.0	0.0	0	1	0	0	1	1	1	0	0	0	0	0	0.3333333333333333	0.0	0.3333333333333333	0	0	0	0	1
295	да	груши собирает	evaluation_r	1	2.0	0	1	0	2.0	1.0	2	6.5	0	2	0	6.5	1.0	0.26726124191242434	0	0	0	0	0	0	0	0.0	0.0	0.0	0	0	0	0	0	1	1	0	0	0	0	0	0.5	0.0	0.5	0	0	0	0	0
296	сейчас там короче один мужик на дереве сидит	груши собирает	background_r	8	4.625	0	8	0	4.625	1.0	2	6.5	0	2	0	6.5	1.0	0.10399232597496057	2	1	0	3	0	1	0	0.25	0.0	0.125	1	0	0	0	0	1	1	0	0	0	0	0	0.5	0.0	0.5	0	0	0	0	0
297	потом  уроняет их	груши собирает	sequence_m	3	4.666666666666667	0	3	0	4.666666666666667	1.0	2	6.5	0	2	0	6.5	1.0	0.5707184321235191	0	1	0	1	0	0	0	0.0	0.0	0.3333333333333333	0	0	0	0	1	1	1	0	0	0	0	0	0.5	0.0	0.5	0	0	0	0	0
298	потом мальчик на вело= с велосипедом приезжает	груши собирает	sequence_m	7	5.714285714285714	0	7	0	5.714285714285714	1.0	2	6.5	0	2	0	6.5	1.0	0.08154252123435105	2	1	0	1	0	0	0	0.2857142857142857	0.0	0.14285714285714285	2	0	0	0	0	1	1	0	0	0	0	0	0.5	0.0	0.5	0	0	0	0	0
299	собирает грушу в корзины	потом мальчик на вело= с велосипедом приезжает	sequence_m	4	5.25	0	4	0	5.25	1.0	7	5.714285714285714	0	7	0	5.714285714285714	1.0	0.5897678246195885	2	1	0	0	0	0	0	0.5	0.0	0.25	1	0	0	0	0	2	1	0	1	0	0	0	0.2857142857142857	0.0	0.14285714285714285	2	0	0	0	0
300	едет куда-то	потом мальчик на вело= с велосипедом приезжает	sequence_m	2	5.5	0	2	0	5.5	1.0	7	5.714285714285714	0	7	0	5.714285714285714	1.0	0.4423258684646914	0	1	0	1	0	0	0	0.0	0.0	0.5	0	0	0	0	0	2	1	0	1	0	0	0	0.2857142857142857	0.0	0.14285714285714285	2	0	0	0	0
301	оттудова какие-то парнишки его находят	груши собирает	sequence_m	5	6.8	0	5	0	6.8	1.0	2	6.5	0	2	0	6.5	1.0	0.15963477285057168	1	1	0	1	0	0	0	0.2	0.0	0.2	0	0	0	0	1	1	1	0	0	0	0	0	0.5	0.0	0.5	0	0	0	0	0
302	он уроняет всё это	они ему помогают там собрать груши груши	cause_r	4	3.75	0	4	0	3.75	1.0	7	4.857142857142857	0	6	0	4.857142857142857	0.8571428571428571	0.570087712549569	0	1	0	0	0	0	0	0.0	0.0	0.25	0	0	0	0	2	2	2	0	1	0	0	0	0.2857142857142857	0.0	0.2857142857142857	0	0	0	0	2
303	они ему помогают там собрать груши груши	груши собирает	sequence_m	7	4.857142857142857	0	6	0	4.857142857142857	0.8571428571428571	2	6.5	0	2	0	6.5	1.0	0.15611804531597107	2	2	0	1	0	0	0	0.2857142857142857	0.0	0.2857142857142857	0	0	0	0	2	1	1	0	0	0	0	0	0.5	0.0	0.5	0	0	0	0	0
304	потом он на велосипед садится	груши собирает	sequence_m	5	5.0	0	5	0	5.0	1.0	2	6.5	0	2	0	6.5	1.0	0.25891991712193363	1	1	0	1	0	0	0	0.2	0.0	0.2	1	0	0	0	1	1	1	0	0	0	0	0	0.5	0.0	0.5	0	0	0	0	0
305	потом идёт туда	потом он на велосипед садится	sequence_m	3	4.333333333333333	0	3	0	4.333333333333333	1.0	5	5.0	0	5	0	5.0	1.0	0.6432675209026769	0	1	0	2	0	0	0	0.0	0.0	0.3333333333333333	0	0	0	0	0	1	1	0	1	0	0	0	0.2	0.0	0.2	1	0	0	0	1
306	едет обратно	потом он на велосипед садится	sequence_m	2	5.5	0	2	0	5.5	1.0	5	5.0	0	5	0	5.0	1.0	0.5872202195147035	0	1	0	1	0	0	0	0.0	0.0	0.5	0	0	0	0	0	1	1	0	1	0	0	0	0.2	0.0	0.2	1	0	0	0	1
307	и потом они ему свистят	груши собирает	sequence_m	5	3.8	0	5	0	3.8	1.0	2	6.5	0	2	0	6.5	1.0	0.39745838713330506	0	1	0	1	0	0	0	0.0	0.0	0.2	0	1	0	0	2	1	1	0	0	0	0	0	0.5	0.0	0.5	0	0	0	0	0
308	говорят	ты что-то забыл	evidence_r	1	7.0	0	1	0	7.0	1.0	3	4.333333333333333	0	3	0	4.333333333333333	1.0	0.447213595499958	0	1	0	0	0	0	0	0.0	0.0	1.0	0	0	0	0	0	0	1	0	0	0	0	0	0.0	0.0	0.3333333333333333	0	0	0	0	2
309	ты что-то забыл	и потом они ему свистят	sequence_m	3	4.333333333333333	0	3	0	4.333333333333333	1.0	5	3.8	0	5	0	3.8	1.0	0.5516772843673705	0	1	0	0	0	0	0	0.0	0.0	0.3333333333333333	0	0	0	0	2	0	1	0	1	0	0	0	0.0	0.0	0.2	0	1	0	0	2
310	типа	и потом они ему свистят	evaluation_r	1	4.0	0	1	0	4.0	1.0	5	3.8	0	5	0	3.8	1.0	0.3611575592573076	1	0	0	0	0	0	0	1.0	0.0	0.0	0	0	0	0	0	0	1	0	1	0	0	0	0.0	0.0	0.2	0	1	0	0	2
311	и потом дают ему	груши собирает	sequence_m	4	3.25	0	4	0	3.25	1.0	2	6.5	0	2	0	6.5	1.0	0.6129752413741056	0	1	0	1	0	0	0	0.0	0.0	0.25	0	1	0	0	1	1	1	0	0	0	0	0	0.5	0.0	0.5	0	0	0	0	0
312	что он забыл	и потом дают ему	contrast_m	3	3.3333333333333335	0	3	0	3.3333333333333335	1.0	4	3.25	0	4	0	3.25	1.0	0.6123724356957946	0	1	0	0	0	0	0	0.0	0.0	0.3333333333333333	0	0	1	0	1	0	1	0	1	0	0	0	0.0	0.0	0.25	0	1	0	0	1
313	и потом всё идёт по своим дорогам	и потом дают ему	sequence_m	7	3.857142857142857	0	7	0	3.857142857142857	1.0	4	3.25	0	4	0	3.25	1.0	0.3115112946856176	1	1	0	1	0	0	0	0.14285714285714285	0.0	0.14285714285714285	1	1	0	0	1	0	1	0	1	0	0	0	0.0	0.0	0.25	0	1	0	0	1
