level_0	index	EDU_1	EDU_2	Relation	num_of_words_1	avg_word_len_1	upcase_words_num_1	num_unique_words_1	count_words_title_1	mean_word_len_1	words_vs_unique_1	num_of_words_2	avg_word_len_2	upcase_words_num_2	num_unique_words_2	count_words_title_2	mean_word_len_2	words_vs_unique_2	bleu_score	nouns_count_1	verbs_count_1	adj_count_1	adv_count_1	aux_count_1	num_count_1	vbd_count_1	nouns_vs_words_1	adjectives_vs_words_1	verbs_vs_words_1	adp_count_1	cconj_count_1	sconj_count_1	part_count_1	pron_count_1	nouns_count_2	verbs_count_2	adj_count_2	adv_count_2	aux_count_2	num_count_2	vbd_count_2	nouns_vs_words_2	adjectives_vs_words_2	verbs_vs_words_2	adp_count_2	cconj_count_2	sconj_count_2	part_count_2	pron_count_2
11500	11521	подмандатное титульное население в рамках англосаксонской цивилизации уверенно совершает переход  государствообразующих наций в прикольную этнографическую редкость.	Без всякой помощи «коварной России»,	same-unit_m	16	9.25	0	15	0	9.25	0.9375	5	6.4	2	5	2	6.4	1.0	0.026076615243549605	6	1	6	1	0	0	0	0.375	0.375	0.0625	2	0	0	0	0	1	0	1	0	0	0	0	0.2	0.2	0.0	1	0	0	0	0
11501	11522	С чем небратьев можно поздравить.	Без всякой помощи «коварной России»,	evaluation_r	5	5.8	1	5	1	5.8	1.0	5	6.4	2	5	2	6.4	1.0	0.6871842709362768	1	1	0	1	0	0	0	0.2	0.0	0.2	1	0	0	0	1	1	0	1	0	0	0	0	0.2	0.2	0.0	1	0	0	0	0
11502	11523	Сама Россия, впервые за последнее столетие,	В результате в начале ХХI века активность российского государства демонстрирует образец прагматичности.	cause_r	6	6.333333333333333	2	6	2	6.333333333333333	1.0	12	7.666666666666667	1	12	1	7.666666666666667	1.0	0.5911975668985759	1	0	2	1	0	0	0	0.16666666666666666	0.3333333333333333	0.0	1	0	0	0	0	7	1	1	0	0	1	0	0.5833333333333334	0.08333333333333333	0.08333333333333333	2	0	0	0	0
11503	11524	жалуясь на отсутствие государственной идеологии, впервые строит свою геополитику	Сама Россия, впервые за последнее столетие,	condition_r	9	8.0	0	9	0	8.0	1.0	6	6.333333333333333	2	6	2	6.333333333333333	1.0	0.39234794511341997	3	2	1	1	0	0	0	0.3333333333333333	0.1111111111111111	0.2222222222222222	1	0	0	0	0	1	0	2	1	0	0	0	0.16666666666666666	0.3333333333333333	0.0	1	0	0	0	0
11504	11525	опираясь не на умозрительные идеалистические конструкции, а на самые базовые потребности, которые правильно было бы называть инстинктами.	Сама Россия, впервые за последнее столетие,	condition_r	17	7.117647058823529	0	16	0	7.117647058823529	0.9411764705882353	6	6.333333333333333	2	6	2	6.333333333333333	1.0	0.1097159488602118	3	2	5	0	1	0	0	0.17647058823529413	0.29411764705882354	0.11764705882352941	2	1	0	2	1	1	0	2	1	0	0	0	0.16666666666666666	0.3333333333333333	0.0	1	0	0	0	0
11505	11526	Не на отвоевании Константинополя, которого домогались Романовы, ни на построении социализма в Африке,	В результате в начале ХХI века активность российского государства демонстрирует образец прагматичности.	elaboration_r	13	6.846153846153846	4	12	4	6.846153846153846	0.9230769230769231	12	7.666666666666667	1	12	1	7.666666666666667	1.0	0.818475969483136	3	1	0	0	0	0	0	0.23076923076923078	0.0	0.07692307692307693	3	1	0	1	1	7	1	1	0	0	1	0	0.5833333333333334	0.08333333333333333	0.08333333333333333	2	0	0	0	0
11506	11527	а на контроле над месторождениями углеводородов и логистикой  сосредоточены усилия современной российской элиты.	Не на отвоевании Константинополя, которого домогались Романовы, ни на построении социализма в Африке,	contrast_m	13	7.615384615384615	0	13	0	7.615384615384615	1.0	13	6.846153846153846	4	12	4	6.846153846153846	0.9230769230769231	0.7931465869650669	6	1	2	0	0	0	0	0.46153846153846156	0.15384615384615385	0.07692307692307693	2	2	0	0	0	3	1	0	0	0	0	0	0.23076923076923078	0.0	0.07692307692307693	3	1	0	1	1
11507	11528	Мотив полностью приземлённый	Никакой идеи.	joint_m	3	8.666666666666666	1	3	1	8.666666666666666	1.0	2	6.0	1	2	1	6.0	1.0	0.21428655921257742	1	0	1	1	0	0	0	0.3333333333333333	0.3333333333333333	0.0	0	0	0	0	0	1	0	0	0	0	0	0	0.5	0.0	0.0	0	0	0	0	0
11508	11529	и циничный. Строго в соответствии с марксистской теорией капитализма.	Мотив полностью приземлённый	joint_m	9	6.777777777777778	1	9	1	6.777777777777778	1.0	3	8.666666666666666	1	3	1	8.666666666666666	1.0	0.20026240437421838	3	0	2	1	0	0	0	0.3333333333333333	0.2222222222222222	0.0	2	1	0	0	0	1	0	1	1	0	0	0	0.3333333333333333	0.3333333333333333	0.0	0	0	0	0	0
11509	11530	Но посмотрите, как корёжит при этом “колыбель буржуазии” – цивилизацию англосаксов.	Никакой идеи.	contrast_m	11	6.636363636363637	1	11	1	6.636363636363637	1.0	2	6.0	1	2	1	6.0	1.0	0.0042190620994664455	4	2	0	1	0	0	0	0.36363636363636365	0.0	0.18181818181818182	1	1	0	0	1	1	0	0	0	0	0	0	0.5	0.0	0.0	0	0	0	0	0
11510	11531	Как им не нравится эти в доску капиталистические поползновения России в Сирии, Венесуэле, Германии, Китае!	Но посмотрите, как корёжит при этом “колыбель буржуазии” – цивилизацию англосаксов.	joint_m	15	6.133333333333334	6	14	6	6.133333333333334	0.9333333333333333	11	6.636363636363637	1	11	1	6.636363636363637	1.0	0.6444510199132805	2	1	1	1	0	0	0	0.13333333333333333	0.06666666666666667	0.06666666666666667	2	0	0	1	1	4	2	0	1	0	0	0	0.36363636363636365	0.0	0.18181818181818182	1	1	0	0	1
11511	11532	А как  писал классик	скорее всего ты всё делаешь правильно…	attribution_r	4	4.0	1	4	1	4.0	1.0	6	5.5	0	6	0	5.5	1.0	0.6069769786668839	1	1	0	0	0	0	0	0.25	0.0	0.25	0	1	1	0	0	0	1	0	1	0	0	0	0.0	0.0	0.16666666666666666	0	0	0	0	3
11512	11533	– если твой враг тебя проклинает,	скорее всего ты всё делаешь правильно…	condition_r	6	4.666666666666667	0	6	0	4.666666666666667	1.0	6	5.5	0	6	0	5.5	1.0	0.8111071056538127	1	1	0	0	0	0	0	0.16666666666666666	0.0	0.16666666666666666	0	0	1	0	1	0	1	0	1	0	0	0	0.0	0.0	0.16666666666666666	0	0	0	0	3
11513	11534	скорее всего ты всё делаешь правильно…	Но посмотрите, как корёжит при этом “колыбель буржуазии” – цивилизацию англосаксов.	evidence_r	6	5.5	0	6	0	5.5	1.0	11	6.636363636363637	1	11	1	6.636363636363637	1.0	0.6012036120421518	0	1	0	1	0	0	0	0.0	0.0	0.16666666666666666	0	0	0	0	3	4	2	0	1	0	0	0	0.36363636363636365	0.0	0.18181818181818182	1	1	0	0	1
11514	11535	Капитализм, он ведь тоже имеет свою логику развития, которую вполне квалифицированно описал Маркс.	В полном соответствии с этой логикой компрадорская буржуазия Росси 90х  сегодня вытесняется другой, более зубастой,	preparation_r	13	6.615384615384615	2	13	2	6.615384615384615	1.0	15	6.666666666666667	2	15	2	6.666666666666667	1.0	0.802170967356439	3	2	0	2	0	0	0	0.23076923076923078	0.0	0.15384615384615385	0	0	0	2	2	3	1	5	2	0	0	0	0.2	0.3333333333333333	0.06666666666666667	2	0	0	0	0
11515	11536	которая  уже смотрит на Запад еще снизу вверх, но уже без былого почитания, а скорее как хищник,	В полном соответствии с этой логикой компрадорская буржуазия Росси 90х  сегодня вытесняется другой, более зубастой,	elaboration_r	17	4.647058823529412	1	16	1	4.647058823529412	0.9411764705882353	15	6.666666666666667	2	15	2	6.666666666666667	1.0	0.8182696483380674	2	1	1	6	0	0	0	0.11764705882352941	0.058823529411764705	0.058823529411764705	2	2	1	0	1	3	1	5	2	0	0	0	0.2	0.3333333333333333	0.06666666666666667	2	0	0	0	0
11516	11537	почуявший, что гегемон слабеет и скоро сам вполне может стать кормом.	которая  уже смотрит на Запад еще снизу вверх, но уже без былого почитания, а скорее как хищник,	elaboration_r	11	5.363636363636363	0	11	0	5.363636363636363	1.0	17	4.647058823529412	1	16	1	4.647058823529412	0.9411764705882353	0.7569125885243729	2	4	1	2	0	0	0	0.18181818181818182	0.09090909090909091	0.36363636363636365	0	1	1	0	0	2	1	1	6	0	0	0	0.11764705882352941	0.058823529411764705	0.058823529411764705	2	2	1	0	1
11517	11538	Сам капитализм, как общественно-экономическая формация, тоже находится при смерти,	В полном соответствии с этой логикой компрадорская буржуазия Росси 90х  сегодня вытесняется другой, более зубастой,	joint_m	9	8.222222222222221	1	9	1	8.222222222222221	1.0	15	6.666666666666667	2	15	2	6.666666666666667	1.0	0.746003846592251	3	1	2	0	0	0	0	0.3333333333333333	0.2222222222222222	0.1111111111111111	1	0	1	1	0	3	1	5	2	0	0	0	0.2	0.3333333333333333	0.06666666666666667	2	0	0	0	0
11518	11539	но эту уже другая тема.	Сам капитализм, как общественно-экономическая формация, тоже находится при смерти,	contrast_m	5	3.8	0	5	0	3.8	1.0	9	8.222222222222221	1	9	1	8.222222222222221	1.0	0.4685212856658182	1	0	1	1	0	0	0	0.2	0.2	0.0	0	1	0	0	0	3	1	2	0	0	0	0	0.3333333333333333	0.2222222222222222	0.1111111111111111	1	0	1	1	0
11519	11540	однако  это не должно мешать гордиться победами местных олигархов над иностранными,	К социальной справедливости внутри самой России всё вышесказанное не имеет никакого отношения,	contrast_m	11	6.545454545454546	0	11	0	6.545454545454546	1.0	12	6.916666666666667	2	12	2	6.916666666666667	1.0	0.8442546757032551	2	2	3	1	0	0	0	0.18181818181818182	0.2727272727272727	0.18181818181818182	1	0	0	1	1	2	1	3	1	0	0	0	0.16666666666666666	0.25	0.08333333333333333	1	0	0	1	0
11520	11541	как не мешает гордиться Суворовым его крайне сложные отношения с народными восстаниями (Пугачёв) и национально освободительными движениями (Польша)	однако  это не должно мешать гордиться победами местных олигархов над иностранными,	comparison_m	18	7.222222222222222	3	18	3	7.222222222222222	1.0	11	6.545454545454546	0	11	0	6.545454545454546	1.0	0.44548044375905693	3	2	3	3	0	0	0	0.16666666666666666	0.16666666666666666	0.1111111111111111	1	1	0	1	0	2	2	3	1	0	0	0	0.18181818181818182	0.2727272727272727	0.18181818181818182	1	0	0	1	1
11521	11542	Кстати, насчёт Суворова в частности и истории вообще.	К социальной справедливости внутри самой России всё вышесказанное не имеет никакого отношения,	joint_m	8	5.75	2	8	2	5.75	1.0	12	6.916666666666667	2	12	2	6.916666666666667	1.0	0.6918984060216639	2	0	0	2	0	0	0	0.25	0.0	0.0	2	1	0	0	0	2	1	3	1	0	0	0	0.16666666666666666	0.25	0.08333333333333333	1	0	0	1	0
11522	11543	Наконец то в России нет вычеркнутых времён, про которые не принято вспоминать.	Кстати, насчёт Суворова в частности и истории вообще.	elaboration_r	12	5.583333333333333	2	12	2	5.583333333333333	1.0	8	5.75	2	8	2	5.75	1.0	0.5554319049071296	1	3	1	1	0	0	0	0.08333333333333333	0.08333333333333333	0.25	2	0	1	1	1	2	0	0	2	0	0	0	0.25	0.0	0.0	2	1	0	0	0
11523	11544	И это хорошо!	Наконец то в России нет вычеркнутых времён, про которые не принято вспоминать.	evaluation_r	3	3.6666666666666665	1	3	1	3.6666666666666665	1.0	12	5.583333333333333	2	12	2	5.583333333333333	1.0	0.33968311024337877	0	0	1	0	0	0	0	0.0	0.3333333333333333	0.0	0	1	0	0	1	1	3	1	1	0	0	0	0.08333333333333333	0.08333333333333333	0.25	2	0	1	1	1
11524	11545	Это правильно.	И это хорошо!	joint_m	2	6.5	1	2	1	6.5	1.0	3	3.6666666666666665	1	3	1	3.6666666666666665	1.0	0.5742566831466842	0	0	1	0	0	0	0	0.0	0.5	0.0	0	0	0	0	1	0	0	1	0	0	0	0	0.0	0.3333333333333333	0.0	0	1	0	0	1
11525	11546	Взаимосвязь событий и непрерывность исторических процессов – необходимое условие их адекватного восприятия.	Кстати, насчёт Суворова в частности и истории вообще.	evidence_r	12	8.0	1	12	1	8.0	1.0	8	5.75	2	8	2	5.75	1.0	0.3326439313135138	6	0	3	0	0	0	0	0.5	0.25	0.0	0	1	0	0	1	2	0	0	2	0	0	0	0.25	0.0	0.0	2	1	0	0	0
11526	11547	Осталось только научиться  спокойно анализировать былое,	К социальной справедливости внутри самой России всё вышесказанное не имеет никакого отношения,	contrast_m	6	8.333333333333334	1	6	1	8.333333333333334	1.0	12	6.916666666666667	2	12	2	6.916666666666667	1.0	0.7145896010104964	1	3	0	1	0	0	0	0.16666666666666666	0.0	0.5	0	0	0	1	0	2	1	3	1	0	0	0	0.16666666666666666	0.25	0.08333333333333333	1	0	0	1	0
11527	11548	дабы вовремя  вносить правки в скорость и направление движения,	Осталось только научиться  спокойно анализировать былое,	purpose_r	9	6.0	0	9	0	6.0	1.0	6	8.333333333333334	1	6	1	8.333333333333334	1.0	0.7269607691899959	4	1	0	1	0	0	0	0.4444444444444444	0.0	0.1111111111111111	1	1	1	0	0	1	3	0	1	0	0	0	0.16666666666666666	0.0	0.5	0	0	0	1	0
11528	11549	чтобы не наступать повторно на детские грабли.	дабы вовремя  вносить правки в скорость и направление движения,	purpose_r	7	5.714285714285714	0	7	0	5.714285714285714	1.0	9	6.0	0	9	0	6.0	1.0	0.7766431633476233	1	1	1	1	0	0	0	0.14285714285714285	0.14285714285714285	0.14285714285714285	1	0	1	1	0	4	1	0	1	0	0	0	0.4444444444444444	0.0	0.1111111111111111	1	1	1	0	0
11529	11550	Для начала	опишу распространенный страх, и даже ужас.	purpose_r	2	4.5	1	2	1	4.5	1.0	6	6.166666666666667	0	6	0	6.166666666666667	1.0	0.3450327796711771	1	0	0	0	0	0	0	0.5	0.0	0.0	1	0	0	0	0	2	1	1	0	0	0	0	0.3333333333333333	0.16666666666666666	0.16666666666666666	0	1	0	1	0
11530	11551	опишу распространенный страх, и даже ужас.	Исчезает регулятор человеческих отношений.	preparation_r	6	6.166666666666667	0	6	0	6.166666666666667	1.0	4	9.75	1	4	1	9.75	1.0	0.7400128699009549	2	1	1	0	0	0	0	0.3333333333333333	0.16666666666666666	0.16666666666666666	0	1	0	1	0	2	1	1	0	0	0	0	0.5	0.25	0.25	0	0	0	0	0
11531	11552	Если человек, совершивший ошибку, преступление, правонарушение, не будет чувствовать вину,	то будет продолжать совершать ошибки, преступления и правонарушения.	condition_r	10	8.1	1	10	1	8.1	1.0	8	7.625	0	8	0	7.625	1.0	0.6624848227535084	5	2	0	0	1	0	0	0.5	0.0	0.2	0	0	1	1	0	3	2	0	0	1	0	0	0.375	0.0	0.25	0	1	0	0	1
11532	11553	то будет продолжать совершать ошибки, преступления и правонарушения.	Наступает апокалипсис.	cause_r	8	7.625	0	8	0	7.625	1.0	2	10.5	1	2	1	10.5	1.0	0.11782389543834779	3	2	0	0	1	0	0	0.375	0.0	0.25	0	1	0	0	1	1	1	0	0	0	0	0	0.5	0.0	0.5	0	0	0	0	0
11533	11554	Люди будут думать только о своих удовольствиях,	то будет продолжать совершать ошибки, преступления и правонарушения.	joint_m	7	5.857142857142857	1	7	1	5.857142857142857	1.0	8	7.625	0	8	0	7.625	1.0	0.7376433061167325	2	1	0	0	1	0	0	0.2857142857142857	0.0	0.14285714285714285	1	0	0	1	0	3	2	0	0	1	0	0	0.375	0.0	0.25	0	1	0	0	1
11534	11555	и перестанут заботиться о других.	Люди будут думать только о своих удовольствиях,	joint_m	5	5.8	0	5	0	5.8	1.0	7	5.857142857142857	1	7	1	5.857142857142857	1.0	0.6995439243733445	0	2	1	0	0	0	0	0.0	0.2	0.4	1	1	0	0	0	2	1	0	0	1	0	0	0.2857142857142857	0.0	0.14285714285714285	1	0	0	1	0
11535	11556	Наступает апокалипсис.	Исчезает регулятор человеческих отношений.	elaboration_r	2	10.5	1	2	1	10.5	1.0	4	9.75	1	4	1	9.75	1.0	0.5773502691896257	1	1	0	0	0	0	0	0.5	0.0	0.5	0	0	0	0	0	2	1	1	0	0	0	0	0.5	0.25	0.25	0	0	0	0	0
11536	11557	Откуда такие ужасы?.	От того, что мы не знали другого опыта.	solutionhood_r	3	6.0	1	3	1	6.0	1.0	8	4.0	1	8	1	4.0	1.0	0.5773502691896257	1	0	0	1	0	0	0	0.3333333333333333	0.0	0.0	0	0	0	0	0	1	1	1	0	0	0	0	0.125	0.125	0.125	1	0	1	1	2
11537	11558	Мы мало видели людей,	Наши родители не признавали свои чувства, свои состояния,	background_r	4	4.5	1	4	1	4.5	1.0	8	6.25	1	7	1	6.25	0.875	0.49559462778335206	1	1	0	1	0	0	0	0.25	0.0	0.25	0	0	0	0	1	3	1	0	0	0	0	0	0.375	0.0	0.125	0	0	0	1	0
11538	11559	или вообще не видели, которые осознавали, что такое ответственность.	Мы мало видели людей,	joint_m	9	6.666666666666667	0	9	0	6.666666666666667	1.0	4	4.5	1	4	1	4.5	1.0	0.0931017688108601	1	2	0	1	0	0	0	0.1111111111111111	0.0	0.2222222222222222	0	1	0	1	2	1	1	0	1	0	0	0	0.25	0.0	0.25	0	0	0	0	1
11539	11560	Наши родители не признавали свои чувства, свои состояния,	От того, что мы не знали другого опыта.	elaboration_r	8	6.25	1	7	1	6.25	0.875	8	4.0	1	8	1	4.0	1.0	0.5435294600260845	3	1	0	0	0	0	0	0.375	0.0	0.125	0	0	0	1	0	1	1	1	0	0	0	0	0.125	0.125	0.125	1	0	1	1	2
11540	11561	и перекладывали ответственность на детей.	Наши родители не признавали свои чувства, свои состояния,	joint_m	5	7.4	0	5	0	7.4	1.0	8	6.25	1	7	1	6.25	0.875	0.7132825035177587	2	1	0	0	0	0	0	0.4	0.0	0.2	1	1	0	0	0	3	1	0	0	0	0	0	0.375	0.0	0.125	0	0	0	1	0
11541	11562	То есть обвиняли.	Наши родители не признавали свои чувства, свои состояния,	restatement_m	3	5.0	1	3	1	5.0	1.0	8	6.25	1	7	1	6.25	0.875	0.47756693294091923	0	2	0	0	0	0	0	0.0	0.0	0.6666666666666666	0	0	0	0	1	3	1	0	0	0	0	0	0.375	0.0	0.125	0	0	0	1	0
11542	11563	Такие же нормы приняты в школе, и в обществе вообще.	Наши родители не признавали свои чувства, свои состояния,	comparison_m	10	4.3	1	9	1	4.3	0.9	8	6.25	1	7	1	6.25	0.875	0.7723284457212329	3	1	0	1	0	0	0	0.3	0.0	0.1	2	1	0	1	0	3	1	0	0	0	0	0	0.375	0.0	0.125	0	0	0	1	0
11543	11564	Если мы не видели осознанного отношения к себе,	то мы не можем опереться на тот опыт,	cause_r	8	5.0	1	8	1	5.0	1.0	8	3.75	0	8	0	3.75	1.0	0.6273245089148572	1	2	0	0	0	0	0	0.125	0.0	0.25	1	0	1	1	2	1	2	0	0	0	0	0	0.125	0.0	0.25	1	0	1	1	1
11544	11565	и не видели, как старшие берут свою ответственность за свой вклад в отношения, или в свою работу,	Если мы не видели осознанного отношения к себе,	joint_m	17	4.764705882352941	0	15	0	4.764705882352941	0.8823529411764706	8	5.0	1	8	1	5.0	1.0	0.32625735421393415	5	2	0	1	0	0	0	0.29411764705882354	0.0	0.11764705882352941	3	2	0	1	0	1	2	0	0	0	0	0	0.125	0.0	0.25	1	0	1	1	2
11545	11566	то мы не можем опереться на тот опыт,	От того, что мы не знали другого опыта.	joint_m	8	3.75	0	8	0	3.75	1.0	8	4.0	1	8	1	4.0	1.0	0.816496580927726	1	2	0	0	0	0	0	0.125	0.0	0.25	1	0	1	1	1	1	1	1	0	0	0	0	0.125	0.125	0.125	1	0	1	1	2
11546	11567	которого не было.	то мы не можем опереться на тот опыт,	condition_r	3	5.0	0	3	0	5.0	1.0	8	3.75	0	8	0	3.75	1.0	0.5694947974514994	0	1	0	0	0	0	0	0.0	0.0	0.3333333333333333	0	0	0	1	1	1	2	0	0	0	0	0	0.125	0.0	0.25	1	0	1	1	1
11547	11568	За них предусмотрена ответственность по закону.	Преступления и правонарушения — это отдельная тема.	evidence_r	6	7.0	1	6	1	7.0	1.0	7	6.428571428571429	1	7	1	6.428571428571429	1.0	0.8401680504168059	2	1	0	0	0	0	0	0.3333333333333333	0.0	0.16666666666666666	2	0	0	0	1	3	0	1	0	0	0	0	0.42857142857142855	0.14285714285714285	0.0	0	1	0	0	1
11548	11569	А вот сфера человеческих отношений регулируется именно виной.	Преступления и правонарушения — это отдельная тема.	contrast_m	8	6.75	1	8	1	6.75	1.0	7	6.428571428571429	1	7	1	6.428571428571429	1.0	0.7094975979992805	3	1	1	0	0	0	0	0.375	0.125	0.125	0	1	0	2	0	3	0	1	0	0	0	0	0.42857142857142855	0.14285714285714285	0.0	0	1	0	0	1
11549	11570	(Еще страхом и стыдом).	А вот сфера человеческих отношений регулируется именно виной.	elaboration_r	4	5.0	1	4	1	5.0	1.0	8	6.75	1	8	1	6.75	1.0	0.5121475197315839	2	0	0	1	0	0	0	0.5	0.0	0.0	0	1	0	0	0	3	1	1	0	0	0	0	0.375	0.125	0.125	0	1	0	2	0
11550	11571	Представьте себе, в своем детстве, нескольких человек, которые умели бы это делать.	Что было бы?	preparation_r	12	6.0	1	12	1	6.0	1.0	3	3.3333333333333335	1	3	1	3.3333333333333335	1.0	0.002459425617642937	2	3	0	0	0	1	0	0.16666666666666666	0.0	0.25	1	0	0	1	3	0	1	0	0	0	0	0	0.0	0.0	0.3333333333333333	0	0	0	1	1
11551	11572	Могли бы говорить, что вот сейчас им нужно время побыть с собой,	Представьте себе, в своем детстве, нескольких человек, которые умели бы это делать.	elaboration_r	12	4.416666666666667	1	12	1	4.416666666666667	1.0	12	6.0	1	12	1	6.0	1.0	0.7683498199278325	1	3	1	1	0	0	0	0.08333333333333333	0.08333333333333333	0.25	1	0	1	2	2	2	3	0	0	0	1	0	0.16666666666666666	0.0	0.25	1	0	0	1	3
11552	11573	а не набрасывались бы на вас с упреками, что вы делаете их жизнь невыносимой.	Могли бы говорить, что вот сейчас им нужно время побыть с собой,	contrast_m	14	4.571428571428571	0	14	0	4.571428571428571	1.0	12	4.416666666666667	1	12	1	4.416666666666667	1.0	0.7068293344419259	2	2	1	0	0	0	0	0.14285714285714285	0.07142857142857142	0.14285714285714285	2	1	1	2	2	1	3	1	1	0	0	0	0.08333333333333333	0.08333333333333333	0.25	1	0	1	2	2
11553	11574	Или учителя осознавали бы ваши ограничения (это тоже ответственность),	Представьте себе, в своем детстве, нескольких человек, которые умели бы это делать.	joint_m	9	6.888888888888889	1	9	1	6.888888888888889	1.0	12	6.0	1	12	1	6.0	1.0	0.7683498199278325	3	1	0	0	0	0	0	0.3333333333333333	0.0	0.1111111111111111	0	1	0	2	1	2	3	0	0	0	1	0	0.16666666666666666	0.0	0.25	1	0	0	1	3
11554	11575	и не требовали бы от вас больше, чем вы можете.	Или учителя осознавали бы ваши ограничения (это тоже ответственность),	joint_m	10	3.8	0	10	0	3.8	1.0	9	6.888888888888889	1	9	1	6.888888888888889	1.0	0.7464200272921789	0	2	0	0	0	1	0	0.0	0.0	0.2	1	1	1	2	2	3	1	0	0	0	0	0	0.3333333333333333	0.0	0.1111111111111111	0	1	0	2	1
11555	11576	И другие люди, которые больше увлечены своей жизнью, чем вашей, не оценивали бы вас, насколько вы хороши или плохи.	Представьте себе, в своем детстве, нескольких человек, которые умели бы это делать.	joint_m	19	5.105263157894737	1	19	1	5.105263157894737	1.0	12	6.0	1	12	1	6.0	1.0	0.611025758429024	2	2	3	2	0	0	0	0.10526315789473684	0.15789473684210525	0.10526315789473684	0	2	1	2	3	2	3	0	0	0	1	0	0.16666666666666666	0.0	0.25	1	0	0	1	3
11556	11577	При этом вас бы не обвиняли,	И другие люди, которые больше увлечены своей жизнью, чем вашей, не оценивали бы вас, насколько вы хороши или плохи.	condition_r	6	3.8333333333333335	1	6	1	3.8333333333333335	1.0	19	5.105263157894737	1	19	1	5.105263157894737	1.0	0.46625240412015684	0	1	0	0	0	0	0	0.0	0.0	0.16666666666666666	1	0	0	2	2	2	2	3	2	0	0	0	0.10526315789473684	0.15789473684210525	0.10526315789473684	0	2	1	2	3
11557	11578	или не создавались бы такие ситуации, в которых вы чувствовали себя плохим.	При этом вас бы не обвиняли,	joint_m	12	5.333333333333333	0	12	0	5.333333333333333	1.0	6	3.8333333333333335	1	6	1	3.8333333333333335	1.0	0.1763586150975287	1	2	1	0	0	0	0	0.08333333333333333	0.08333333333333333	0.16666666666666666	1	1	0	2	3	0	1	0	0	0	0	0	0.0	0.0	0.16666666666666666	1	0	0	2	2
11558	11579	Что было бы?	Вы чувствовали бы себя хорошим,	solutionhood_r	3	3.3333333333333335	1	3	1	3.3333333333333335	1.0	5	5.4	1	5	1	5.4	1.0	0.5679618342470648	0	1	0	0	0	0	0	0.0	0.0	0.3333333333333333	0	0	0	1	1	0	1	1	0	0	0	0	0.0	0.2	0.2	0	0	0	1	2
11559	11580	что в вас верят,	Вы чувствовали бы себя хорошим,	joint_m	4	3.25	0	4	0	3.25	1.0	5	5.4	1	5	1	5.4	1.0	0.6956083436402525	0	1	0	0	0	0	0	0.0	0.0	0.25	1	0	1	0	1	0	1	1	0	0	0	0	0.0	0.2	0.2	0	0	0	1	2
11560	11581	и хотели бы проявиться в этом мире.	Вы чувствовали бы себя хорошим,	joint_m	7	4.142857142857143	0	7	0	4.142857142857143	1.0	5	5.4	1	5	1	5.4	1.0	0.7234204855448257	1	2	0	0	0	0	0	0.14285714285714285	0.0	0.2857142857142857	1	1	0	1	0	0	1	1	0	0	0	0	0.0	0.2	0.2	0	0	0	1	2
11561	11582	И еще перенимали бы этот способ ответственности:	Вы чувствовали бы себя хорошим,	joint_m	7	6.0	1	7	1	6.0	1.0	5	5.4	1	5	1	5.4	1.0	0.4868206629230881	2	1	0	1	0	0	0	0.2857142857142857	0.0	0.14285714285714285	0	1	0	1	0	0	1	1	0	0	0	0	0.0	0.2	0.2	0	0	0	1	2
11562	11583	осознавали бы свои ограничения,	И еще перенимали бы этот способ ответственности:	elaboration_r	4	7.0	0	4	0	7.0	1.0	7	6.0	1	7	1	6.0	1.0	0.6922186552431729	1	1	0	0	0	0	0	0.25	0.0	0.25	0	0	0	1	0	2	1	0	1	0	0	0	0.2857142857142857	0.0	0.14285714285714285	0	1	0	1	0
11563	11584	и не перекладывали бы за них ответственность на других людей и обстоятельства.	осознавали бы свои ограничения,	joint_m	12	5.583333333333333	0	11	0	5.583333333333333	0.9166666666666666	4	7.0	0	4	0	7.0	1.0	0.2123594928338033	3	1	1	0	0	0	0	0.25	0.08333333333333333	0.08333333333333333	2	2	0	2	1	1	1	0	0	0	0	0	0.25	0.0	0.25	0	0	0	1	0
11564	11585	И все это без мучительных переживаний, без ощущения своей плохости, с которой еще нужно как-то справиться.	Вы чувствовали бы себя хорошим,	condition_r	16	5.6875	1	15	1	5.6875	0.9375	5	5.4	1	5	1	5.4	1.0	0.08456403796794247	3	1	2	2	0	0	0	0.1875	0.125	0.0625	3	1	0	0	2	0	1	1	0	0	0	0	0.0	0.2	0.2	0	0	0	1	2
11565	11586	Когда ребенок совершает ошибку	это не значит, что он всегда будет делать такие ошибки.	condition_r	4	6.75	1	4	1	6.75	1.0	10	4.6	0	10	0	4.6	1.0	0.6875516509523286	2	1	0	0	0	0	0	0.5	0.0	0.25	0	0	1	0	0	1	2	0	1	1	0	0	0.1	0.0	0.2	0	0	1	1	2
11566	11587	(даже ошибкой невозможно назвать временные ограничения или неопытность),	Когда ребенок совершает ошибку	contrast_m	8	8.125	0	8	0	8.125	1.0	4	6.75	1	4	1	6.75	1.0	0.22511119960517656	3	1	2	0	0	0	0	0.375	0.25	0.125	0	1	0	1	0	2	1	0	0	0	0	0	0.5	0.0	0.25	0	0	1	0	0
11567	11588	это не значит, что он всегда будет делать такие ошибки.	— это не навсегда.	preparation_r	10	4.6	0	10	0	4.6	1.0	4	3.75	0	4	0	3.75	1.0	0.12441472189451949	1	2	0	1	1	0	0	0.1	0.0	0.2	0	0	1	1	2	0	0	0	1	0	0	0	0.0	0.0	0.0	0	0	0	1	1
11568	11589	Если он забыл про ваше поручение,	— это не навсегда.	condition_r	6	4.666666666666667	1	6	1	4.666666666666667	1.0	4	3.75	0	4	0	3.75	1.0	0.35484795132334435	1	1	0	0	0	0	0	0.16666666666666666	0.0	0.16666666666666666	1	0	1	0	1	0	0	0	1	0	0	0	0.0	0.0	0.0	0	0	0	1	1
11569	11590	или получил двойку за урок,	Если он забыл про ваше поручение,	joint_m	5	4.6	0	5	0	4.6	1.0	6	4.666666666666667	1	6	1	4.666666666666667	1.0	0.7587869106393281	2	1	0	0	0	0	0	0.4	0.0	0.2	1	1	0	0	0	1	1	0	0	0	0	0	0.16666666666666666	0.0	0.16666666666666666	1	0	1	0	1
11570	11591	или по неопытности кого-то подвел	Если он забыл про ваше поручение,	joint_m	5	5.8	0	5	0	5.8	1.0	6	4.666666666666667	1	6	1	4.666666666666667	1.0	0.778498944161523	1	1	0	0	0	0	0	0.2	0.0	0.2	1	1	0	0	1	1	1	0	0	0	0	0	0.16666666666666666	0.0	0.16666666666666666	1	0	1	0	1
11571	11592	Это один эпизод,	— это не навсегда.	elaboration_r	3	4.666666666666667	1	3	1	4.666666666666667	1.0	4	3.75	0	4	0	3.75	1.0	0.6236095644623235	1	0	0	0	0	1	0	0.3333333333333333	0.0	0.0	0	0	0	0	1	0	0	0	1	0	0	0	0.0	0.0	0.0	0	0	0	1	1
11572	11593	который он (ребенок) может взять в опыт,	Это один эпизод,	elaboration_r	7	4.857142857142857	0	7	0	4.857142857142857	1.0	3	4.666666666666667	1	3	1	4.666666666666667	1.0	0.1763998801867931	2	2	0	0	0	0	0	0.2857142857142857	0.0	0.2857142857142857	1	0	0	0	2	1	0	0	0	0	1	0	0.3333333333333333	0.0	0.0	0	0	0	0	1
11573	11594	но может начать сопротивляться,	который он (ребенок) может взять в опыт,	contrast_m	4	7.0	0	4	0	7.0	1.0	7	4.857142857142857	0	7	0	4.857142857142857	1.0	0.7416198487095663	0	3	0	0	0	0	0	0.0	0.0	0.75	0	1	0	0	0	2	2	0	0	0	0	0	0.2857142857142857	0.0	0.2857142857142857	1	0	0	0	2
11574	11595	если его обвиняют.	но может начать сопротивляться,	condition_r	3	5.333333333333333	0	3	0	5.333333333333333	1.0	4	7.0	0	4	0	7.0	1.0	0.6221710168382552	0	1	0	0	0	0	0	0.0	0.0	0.3333333333333333	0	0	1	0	1	0	3	0	0	0	0	0	0.0	0.0	0.75	0	1	0	0	0
11575	11596	Последствия наступают:	— это не навсегда.	joint_m	2	10.5	1	2	1	10.5	1.0	4	3.75	0	4	0	3.75	1.0	0.5968344216828737	1	1	0	0	0	0	0	0.5	0.0	0.5	0	0	0	0	0	0	0	0	1	0	0	0	0.0	0.0	0.0	0	0	0	1	1
11576	11597	он видит расстроенных родителей, или товарищей,	и сам расстраивается.	cause_r	6	7.0	0	6	0	7.0	1.0	3	6.333333333333333	0	3	0	6.333333333333333	1.0	0.23673171289730427	2	1	1	0	0	0	0	0.3333333333333333	0.16666666666666666	0.16666666666666666	0	1	0	0	1	0	1	1	0	0	0	0	0.0	0.3333333333333333	0.3333333333333333	0	1	0	0	0
11577	11598	и сам расстраивается.	Последствия наступают:	elaboration_r	3	6.333333333333333	0	3	0	6.333333333333333	1.0	2	10.5	1	2	1	10.5	1.0	0.7385489458759964	0	1	1	0	0	0	0	0.0	0.3333333333333333	0.3333333333333333	0	1	0	0	0	1	1	0	0	0	0	0	0.5	0.0	0.5	0	0	0	0	0
11578	11599	Напротив, ему больше всего нужна поддержка	Последствия наступают:	contrast_m	6	6.166666666666667	1	6	1	6.166666666666667	1.0	2	10.5	1	2	1	10.5	1.0	0.3213952930402821	1	0	1	1	0	1	0	0.16666666666666666	0.16666666666666666	0.0	0	0	0	0	2	1	1	0	0	0	0	0	0.5	0.0	0.5	0	0	0	0	0
11579	11600	в случае ошибки,	Напротив, ему больше всего нужна поддержка	condition_r	3	4.666666666666667	0	3	0	4.666666666666667	1.0	6	6.166666666666667	1	6	1	6.166666666666667	1.0	0.5773502691896257	2	0	0	0	0	0	0	0.6666666666666666	0.0	0.0	1	0	0	0	0	1	0	1	1	0	1	0	0.16666666666666666	0.16666666666666666	0.0	0	0	0	0	2
11580	11601	чтобы научиться.	Напротив, ему больше всего нужна поддержка	purpose_r	2	7.5	0	2	0	7.5	1.0	6	6.166666666666667	1	6	1	6.166666666666667	1.0	0.48795003647426655	0	1	0	0	0	0	0	0.0	0.0	0.5	0	0	1	0	0	1	0	1	1	0	1	0	0.16666666666666666	0.16666666666666666	0.0	0	0	0	0	2
11581	11602	Усвоить этот опыт,	Напротив, ему больше всего нужна поддержка	joint_m	3	5.333333333333333	1	3	1	5.333333333333333	1.0	6	6.166666666666667	1	6	1	6.166666666666667	1.0	0.5345224838248488	1	1	0	0	0	0	0	0.3333333333333333	0.0	0.3333333333333333	0	0	0	0	0	1	0	1	1	0	1	0	0.16666666666666666	0.16666666666666666	0.0	0	0	0	0	2
11582	11603	уложить причинно-следственные связи.	Усвоить этот опыт,	joint_m	3	11.333333333333334	0	3	0	11.333333333333334	1.0	3	5.333333333333333	1	3	1	5.333333333333333	1.0	0.3003723059100852	1	1	1	0	0	0	0	0.3333333333333333	0.3333333333333333	0.3333333333333333	0	0	0	0	0	1	1	0	0	0	0	0	0.3333333333333333	0.0	0.3333333333333333	0	0	0	0	0
11583	11604	Если его начинают обвинять,	он просто чувствует себя плохим,	condition_r	4	6.0	1	4	1	6.0	1.0	5	5.6	0	5	0	5.6	1.0	0.7288689868556626	0	2	0	0	0	0	0	0.0	0.0	0.5	0	0	1	0	1	0	1	1	0	0	0	0	0.0	0.2	0.2	0	0	0	1	2
11584	11605	он просто чувствует себя плохим,	и его защиты начинают формироваться таким образом,	cause_r	5	5.6	0	5	0	5.6	1.0	7	6.285714285714286	0	7	0	6.285714285714286	1.0	0.6633249580710799	0	1	1	0	0	0	0	0.0	0.2	0.2	0	0	0	1	2	2	2	0	0	0	0	0	0.2857142857142857	0.0	0.2857142857142857	0	1	0	0	1
11585	11606	и его защиты начинают формироваться таким образом,	Улавливаете разницу?	preparation_r	7	6.285714285714286	0	7	0	6.285714285714286	1.0	2	9.5	1	2	1	9.5	1.0	0.17283587885829252	2	2	0	0	0	0	0	0.2857142857142857	0.0	0.2857142857142857	0	1	0	0	1	1	1	0	0	0	0	0	0.5	0.0	0.5	0	0	0	0	0
11586	11607	чтобы больше не переживать вину.	и его защиты начинают формироваться таким образом,	purpose_r	5	5.6	0	5	0	5.6	1.0	7	6.285714285714286	0	7	0	6.285714285714286	1.0	0.6324555320336759	1	1	0	1	0	0	0	0.2	0.0	0.2	0	0	1	1	0	2	2	0	0	0	0	0	0.2857142857142857	0.0	0.2857142857142857	0	1	0	0	1
11587	11608	Улавливаете разницу?	Не на то, чтобы усвоить опыт,	solutionhood_r	2	9.5	1	2	1	9.5	1.0	6	4.0	1	6	1	4.0	1.0	0.5252257314388902	1	1	0	0	0	0	0	0.5	0.0	0.5	0	0	0	0	0	1	1	0	0	0	0	0	0.16666666666666666	0.0	0.16666666666666666	1	0	1	1	1
11588	11609	а на то, чтобы избегать обвинений.	Не на то, чтобы усвоить опыт,	contrast_m	6	4.833333333333333	0	6	0	4.833333333333333	1.0	6	4.0	1	6	1	4.0	1.0	0.716196656917146	1	1	0	0	0	0	0	0.16666666666666666	0.0	0.16666666666666666	1	1	1	0	1	1	1	0	0	0	0	0	0.16666666666666666	0.0	0.16666666666666666	1	0	1	1	1
11589	11610	Он учится врать,	А, будучи взрослым, такой человек не может признавать свою ответственность,	cause_r	3	4.666666666666667	1	3	1	4.666666666666667	1.0	10	6.6	1	10	1	6.6	1.0	0.4320493798938574	0	2	0	0	0	0	0	0.0	0.0	0.6666666666666666	0	0	0	0	1	3	2	0	0	1	0	0	0.3	0.0	0.2	0	1	0	1	0
11590	11611	прятать,	Он учится врать,	joint_m	1	8.0	0	1	0	8.0	1.0	3	4.666666666666667	1	3	1	4.666666666666667	1.0	0.6614378277661477	0	1	0	0	0	0	0	0.0	0.0	1.0	0	0	0	0	0	0	2	0	0	0	0	0	0.0	0.0	0.6666666666666666	0	0	0	0	1
11591	11612	учится подстраиваться под сильных, обладающих властью,	Он учится врать,	joint_m	6	8.166666666666666	0	6	0	8.166666666666666	1.0	3	4.666666666666667	1	3	1	4.666666666666667	1.0	0.09006089191722229	1	3	1	0	0	0	0	0.16666666666666666	0.16666666666666666	0.5	1	0	0	0	0	0	2	0	0	0	0	0	0.0	0.0	0.6666666666666666	0	0	0	0	1
11592	11613	учится не чувствовать…	Он учится врать,	joint_m	3	6.666666666666667	0	3	0	6.666666666666667	1.0	3	4.666666666666667	1	3	1	4.666666666666667	1.0	0.6195141839393787	0	1	0	0	0	0	0	0.0	0.0	0.3333333333333333	0	0	0	1	0	0	2	0	0	0	0	0	0.0	0.0	0.6666666666666666	0	0	0	0	1
11593	11614	А, будучи взрослым, такой человек не может признавать свою ответственность,	Поэтому брать ответственность легко только с теми людьми, которые не нападают.	cause_r	10	6.6	1	10	1	6.6	1.0	11	6.181818181818182	1	11	1	6.181818181818182	1.0	0.8770580193070292	3	2	0	0	1	0	0	0.3	0.0	0.2	0	1	0	1	0	2	2	1	1	0	0	0	0.18181818181818182	0.09090909090909091	0.18181818181818182	1	0	0	2	1
11594	11615	потому что это означает подставить себя под удар обвинений.	А, будучи взрослым, такой человек не может признавать свою ответственность,	cause_r	9	5.666666666666667	0	9	0	5.666666666666667	1.0	10	6.6	1	10	1	6.6	1.0	0.8	2	2	0	1	0	0	0	0.2222222222222222	0.0	0.2222222222222222	1	0	1	0	2	3	2	0	0	1	0	0	0.3	0.0	0.2	0	1	0	1	0
11595	11616	А мы помним, что именно обвинений мы хотим избежать,	А, будучи взрослым, такой человек не может признавать свою ответственность,	background_r	9	4.888888888888889	1	8	1	4.888888888888889	0.8888888888888888	10	6.6	1	10	1	6.6	1.0	0.7302967433402214	1	3	0	0	0	0	0	0.1111111111111111	0.0	0.3333333333333333	0	1	1	1	2	3	2	0	0	1	0	0	0.3	0.0	0.2	0	1	0	1	0
11596	11617	если выращены на вине.	А мы помним, что именно обвинений мы хотим избежать,	condition_r	4	4.75	0	4	0	4.75	1.0	9	4.888888888888889	1	8	1	4.888888888888889	0.8888888888888888	0.5370861555295746	1	1	0	0	0	0	0	0.25	0.0	0.25	1	0	1	0	0	1	3	0	0	0	0	0	0.1111111111111111	0.0	0.3333333333333333	0	1	1	1	2
11597	11618	И чувствуют ценность ответственности.	Поэтому брать ответственность легко только с теми людьми, которые не нападают.	joint_m	4	8.5	1	4	1	8.5	1.0	11	6.181818181818182	1	11	1	6.181818181818182	1.0	0.6201736729460423	2	1	0	0	0	0	0	0.5	0.0	0.25	0	1	0	0	0	2	2	1	1	0	0	0	0.18181818181818182	0.09090909090909091	0.18181818181818182	1	0	0	2	1
11598	11619	Это дети, это партнеры, которые тоже умеют брать ответственность.	Поэтому брать ответственность легко только с теми людьми, которые не нападают.	evidence_r	9	6.333333333333333	1	9	1	6.333333333333333	1.0	11	6.181818181818182	1	11	1	6.181818181818182	1.0	0.8473185457363234	3	2	0	0	0	0	0	0.3333333333333333	0.0	0.2222222222222222	0	0	0	1	3	2	2	1	1	0	0	0	0.18181818181818182	0.09090909090909091	0.18181818181818182	1	0	0	2	1
11599	11620	Если, к примеру, я попадаю в обвиняющую среду,	я не буду признавать свою ответственность,	condition_r	8	4.875	1	8	1	4.875	1.0	6	6.166666666666667	0	6	0	6.166666666666667	1.0	0.7153204639518835	2	2	0	0	0	0	0	0.25	0.0	0.25	2	0	1	0	1	1	1	0	0	1	0	0	0.16666666666666666	0.0	0.16666666666666666	0	0	0	1	1
11600	11621	я не буду признавать свою ответственность,	Я убеждена, что вина мешает отношениям,	solutionhood_r	6	6.166666666666667	0	6	0	6.166666666666667	1.0	6	5.666666666666667	1	6	1	5.666666666666667	1.0	0.7704461880297262	1	1	0	0	1	0	0	0.16666666666666666	0.0	0.16666666666666666	0	0	0	1	1	2	2	0	0	0	0	0	0.3333333333333333	0.0	0.3333333333333333	0	0	1	0	1
11601	11622	потому что она будет истолкована как вина,	я не буду признавать свою ответственность,	cause_r	7	5.142857142857143	0	7	0	5.142857142857143	1.0	6	6.166666666666667	0	6	0	6.166666666666667	1.0	0.816496580927726	1	1	0	1	1	0	0	0.14285714285714285	0.0	0.14285714285714285	0	0	2	0	1	1	1	0	0	1	0	0	0.16666666666666666	0.0	0.16666666666666666	0	0	0	1	1
11602	11623	и я окажусь козлом отпущения.	потому что она будет истолкована как вина,	joint_m	5	5.0	0	5	0	5.0	1.0	7	5.142857142857143	0	7	0	5.142857142857143	1.0	0.7237468644557459	2	1	0	0	0	0	0	0.4	0.0	0.2	0	1	0	0	1	1	1	0	1	1	0	0	0.14285714285714285	0.0	0.14285714285714285	0	0	2	0	1
11603	11624	Однако, если моя ответственность воспринимается как достаточная мера того, что я внесла в контакт,	я, несомненно, буду опираться именно на нее. И с самой собой, и в отношениях.	condition_r	14	6.071428571428571	1	14	1	6.071428571428571	1.0	14	4.571428571428571	1	14	1	4.571428571428571	1.0	0.6831349934539112	3	2	1	1	0	0	0	0.21428571428571427	0.07142857142857142	0.14285714285714285	1	0	2	0	3	1	1	1	1	1	0	0	0.07142857142857142	0.07142857142857142	0.07142857142857142	3	2	0	1	3
11604	11625	я, несомненно, буду опираться именно на нее. И с самой собой, и в отношениях.	я не буду признавать свою ответственность,	contrast_m	14	4.571428571428571	1	14	1	4.571428571428571	1.0	6	6.166666666666667	0	6	0	6.166666666666667	1.0	0.38523013819322344	1	1	1	1	1	0	0	0.07142857142857142	0.07142857142857142	0.07142857142857142	3	2	0	1	3	1	1	0	0	1	0	0	0.16666666666666666	0.0	0.16666666666666666	0	0	0	1	1
11605	11626	И я имею личный, довольно значительный опыт отношений со своими детьми, партнерами, клиентами,	Я убеждена, что вина мешает отношениям,	background_r	13	6.3076923076923075	1	13	1	6.3076923076923075	1.0	6	5.666666666666667	1	6	1	5.666666666666667	1.0	0.22789803362286634	5	1	2	1	0	0	0	0.38461538461538464	0.15384615384615385	0.07692307692307693	1	1	0	0	1	2	2	0	0	0	0	0	0.3333333333333333	0.0	0.3333333333333333	0	0	1	0	1
11606	11627	который мне показывает, что ответственность — это более зрелый регулятор человеческих отношений, нежели вина.	И я имею личный, довольно значительный опыт отношений со своими детьми, партнерами, клиентами,	evidence_r	14	6.857142857142857	0	14	0	6.857142857142857	1.0	13	6.3076923076923075	1	13	1	6.3076923076923075	1.0	0.7512685219115369	4	1	2	1	0	0	0	0.2857142857142857	0.14285714285714285	0.07142857142857142	0	0	2	0	3	5	1	2	1	0	0	0	0.38461538461538464	0.15384615384615385	0.07692307692307693	1	1	0	0	1
11607	11628	вносит деструктивный вклад,	Я убеждена, что вина мешает отношениям,	joint_m	3	8.333333333333334	0	3	0	8.333333333333334	1.0	6	5.666666666666667	1	6	1	5.666666666666667	1.0	0.6405126152203485	1	1	1	0	0	0	0	0.3333333333333333	0.3333333333333333	0.3333333333333333	0	0	0	0	0	2	2	0	0	0	0	0	0.3333333333333333	0.0	0.3333333333333333	0	0	1	0	1
11608	11629	и совершенно не способствует выполнению тех задач, которые на нее возлагают.	Я убеждена, что вина мешает отношениям,	joint_m	11	6.0	0	11	0	6.0	1.0	6	5.666666666666667	1	6	1	5.666666666666667	1.0	0.35076779737205493	2	2	0	1	0	0	0	0.18181818181818182	0.0	0.18181818181818182	1	1	0	1	2	2	2	0	0	0	0	0	0.3333333333333333	0.0	0.3333333333333333	0	0	1	0	1
11609	11630	Я занимаюсь веб программированием 15 лет.	IE 6 был самым передовым и инновационным браузером,	preparation_r	6	6.0	1	6	1	6.0	1.0	8	5.5	0	8	0	5.5	1.0	0.7921180343813394	3	1	0	0	0	1	0	0.5	0.0	0.16666666666666666	0	0	0	0	1	1	0	3	0	1	1	0	0.125	0.375	0.0	0	1	0	0	0
11610	11631	Когда я начинал работать за деньги	IE 6 был самым передовым и инновационным браузером,	condition_r	6	4.833333333333333	1	6	1	4.833333333333333	1.0	8	5.5	0	8	0	5.5	1.0	0.6416889479197478	1	2	0	0	0	0	0	0.16666666666666666	0.0	0.3333333333333333	1	0	1	0	1	1	0	3	0	1	1	0	0.125	0.375	0.0	0	1	0	0	0
11611	11632	(компьютер у меня был и раньше, конечно),	Когда я начинал работать за деньги	background_r	7	5.0	0	7	0	5.0	1.0	6	4.833333333333333	1	6	1	4.833333333333333	1.0	0.639670936619034	1	1	0	2	0	0	0	0.14285714285714285	0.0	0.14285714285714285	1	0	0	1	1	1	2	0	0	0	0	0	0.16666666666666666	0.0	0.3333333333333333	1	0	1	0	1
11612	11633	Firefox должен был вот-вот появиться,	IE 6 был самым передовым и инновационным браузером,	joint_m	5	6.6	1	5	1	6.6	1.0	8	5.5	0	8	0	5.5	1.0	0.6262242910851495	0	1	1	1	1	0	0	0.0	0.2	0.2	0	0	0	0	0	1	0	3	0	1	1	0	0.125	0.375	0.0	0	1	0	0	0
11613	11634	разработчики верили, что будущее за XHTML,	IE 6 был самым передовым и инновационным браузером,	joint_m	6	6.166666666666667	0	6	0	6.166666666666667	1.0	8	5.5	0	8	0	5.5	1.0	0.7276068751089989	2	1	0	0	0	0	0	0.3333333333333333	0.0	0.16666666666666666	1	0	1	0	0	1	0	3	0	1	1	0	0.125	0.375	0.0	0	1	0	0	0
11614	11635	до первого драфта HTML 5 и запуска StackOverflow оставалось 4 года,	IE 6 был самым передовым и инновационным браузером,	joint_m	11	5.181818181818182	0	11	0	5.181818181818182	1.0	8	5.5	0	8	0	5.5	1.0	0.5316765976947446	3	1	1	0	0	2	0	0.2727272727272727	0.09090909090909091	0.09090909090909091	1	1	0	0	0	1	0	3	0	1	1	0	0.125	0.375	0.0	0	1	0	0	0
11615	11636	а до первого Chrome – пять лет.	IE 6 был самым передовым и инновационным браузером,	joint_m	7	3.5714285714285716	1	7	1	3.5714285714285716	1.0	8	5.5	0	8	0	5.5	1.0	0.5773502691896257	1	0	1	0	0	1	0	0.14285714285714285	0.14285714285714285	0.0	1	1	0	0	0	1	0	3	0	1	1	0	0.125	0.375	0.0	0	1	0	0	0
11616	11637	Мы все ждали, когда же он вот все вообще поглотит,	С вебом было связяно много неоправданных надежд, хайпа, завышенных ожиданий.	elaboration_r	10	4.1	1	9	1	4.1	0.9	10	6.7	1	10	1	6.7	1.0	0.7344887229975191	0	2	0	2	0	0	0	0.0	0.0	0.2	0	0	0	2	3	4	2	1	1	1	0	0	0.4	0.1	0.2	1	0	0	0	0
11617	11638	заменит,	Мы все ждали, когда же он вот все вообще поглотит,	joint_m	1	8.0	0	1	0	8.0	1.0	10	4.1	1	9	1	4.1	0.9	0.34641016151377546	0	1	0	0	0	0	0	0.0	0.0	1.0	0	0	0	0	0	0	2	0	2	0	0	0	0.0	0.0	0.2	0	0	0	2	3
11618	11639	научится всему	Мы все ждали, когда же он вот все вообще поглотит,	joint_m	2	6.5	0	2	0	6.5	1.0	10	4.1	1	9	1	4.1	0.9	0.4242640687119285	0	1	0	0	0	0	0	0.0	0.0	0.5	0	0	0	0	1	0	2	0	2	0	0	0	0.0	0.0	0.2	0	0	0	2	3
11619	11640	и вообще останется чуть ли не единственным инструментом,	Мы все ждали, когда же он вот все вообще поглотит,	joint_m	8	6.125	0	8	0	6.125	1.0	10	4.1	1	9	1	4.1	0.9	0.7095363493737259	1	1	1	2	0	0	0	0.125	0.125	0.125	0	1	0	2	0	0	2	0	2	0	0	0	0.0	0.0	0.2	0	0	0	2	3
11620	11641	с которым будут работать вообще все.	и вообще останется чуть ли не единственным инструментом,	elaboration_r	6	5.166666666666667	0	6	0	5.166666666666667	1.0	8	6.125	0	8	0	6.125	1.0	0.7196229171289245	0	1	0	1	1	0	0	0.0	0.0	0.16666666666666666	1	0	0	0	2	1	1	1	2	0	0	0	0.125	0.125	0.125	0	1	0	2	0
11621	11642	Сейчас ажиотаж спал	и можно взглянуть трезво,	cause_r	3	5.666666666666667	1	3	1	5.666666666666667	1.0	4	5.5	0	4	0	5.5	1.0	0.565685424949238	1	1	0	1	0	0	0	0.3333333333333333	0.0	0.3333333333333333	0	0	0	0	0	0	1	0	2	0	0	0	0.0	0.0	0.25	0	1	0	0	0
11622	11643	и можно взглянуть трезво,	что он такое есть	evaluation_r	4	5.5	0	4	0	5.5	1.0	4	3.5	0	4	0	3.5	1.0	0.5024559669126267	0	1	0	2	0	0	0	0.0	0.0	0.25	0	1	0	0	0	0	0	0	0	1	0	0	0.0	0.0	0.0	0	0	0	0	2
11623	11644	что он такое есть	С вебом было связяно много неоправданных надежд, хайпа, завышенных ожиданий.	sequence_m	4	3.5	0	4	0	3.5	1.0	10	6.7	1	10	1	6.7	1.0	0.3804429551263411	0	0	0	0	1	0	0	0.0	0.0	0.0	0	0	0	0	2	4	2	1	1	1	0	0	0.4	0.1	0.2	1	0	0	0	0
11624	11645	и что он такое нет.	что он такое есть	contrast_m	5	3.0	0	5	0	3.0	1.0	4	3.5	0	4	0	3.5	1.0	0.8350792651606924	0	1	0	0	0	0	0	0.0	0.0	0.2	0	1	0	0	2	0	0	0	0	1	0	0	0.0	0.0	0.0	0	0	0	0	2
11625	11646	Получается вот как.	Веб хорош	preparation_r	3	5.666666666666667	1	3	1	5.666666666666667	1.0	2	4.0	1	2	1	4.0	1.0	0.21946199187193705	0	1	0	1	0	0	0	0.0	0.0	0.3333333333333333	0	0	0	1	0	1	0	1	0	0	0	0	0.5	0.5	0.0	0	0	0	0	0
11626	11647	для быстрого прототипирования, простого delivery,	Веб хорош	purpose_r	5	9.0	0	5	0	9.0	1.0	2	4.0	1	2	1	4.0	1.0	0.008753183844133577	1	0	2	0	0	0	0	0.2	0.4	0.0	1	0	0	0	0	1	0	1	0	0	0	0	0.5	0.5	0.0	0	0	0	0	0
11627	11648	но масштаб его роста сильно ограничен.	Веб хорош	contrast_m	6	5.5	0	6	0	5.5	1.0	2	4.0	1	2	1	4.0	1.0	0.03515883164566782	2	1	0	1	0	0	0	0.3333333333333333	0.0	0.16666666666666666	0	1	0	0	0	1	0	1	0	0	0	0	0.5	0.5	0.0	0	0	0	0	0
11628	11649	Грубо говоря, он подходит только для прототипов и игрушечных задач.	Веб хорош	evaluation_r	10	5.8	1	10	1	5.8	1.0	2	4.0	1	2	1	4.0	1.0	0.0014984321328758762	2	2	1	1	0	0	0	0.2	0.1	0.2	1	1	0	1	1	1	0	1	0	0	0	0	0.5	0.5	0.0	0	0	0	0	0
11629	11650	Что-то вроде языка Basic,	Веб хорош	comparison_m	4	5.5	1	4	1	5.5	1.0	2	4.0	1	2	1	4.0	1.0	0.1259750874501921	1	0	0	0	0	0	0	0.25	0.0	0.0	1	0	0	0	1	1	0	1	0	0	0	0	0.5	0.5	0.0	0	0	0	0	0
11630	11651	вроде и программы писать на нем можно,	Что-то вроде языка Basic,	elaboration_r	7	4.571428571428571	0	7	0	4.571428571428571	1.0	4	5.5	1	4	1	5.5	1.0	0.44489843998031386	1	1	0	2	0	0	0	0.14285714285714285	0.0	0.14285714285714285	1	0	0	1	1	1	0	0	0	0	0	0	0.25	0.0	0.0	1	0	0	0	1
11631	11652	но всерьез его никто не берет.	вроде и программы писать на нем можно,	contrast_m	6	4.166666666666667	0	6	0	4.166666666666667	1.0	7	4.571428571428571	0	7	0	4.571428571428571	1.0	0.7433919416750282	0	1	0	1	0	0	0	0.0	0.0	0.16666666666666666	0	1	0	1	2	1	1	0	2	0	0	0	0.14285714285714285	0.0	0.14285714285714285	1	0	0	1	1
11632	11653	Веб, конечно, не пропадет,	Веб хорош	evaluation_r	4	5.75	1	4	1	5.75	1.0	2	4.0	1	2	1	4.0	1.0	0.13338093082874095	1	1	0	1	0	0	0	0.25	0.0	0.25	0	0	0	1	0	1	0	1	0	0	0	0	0.5	0.5	0.0	0	0	0	0	0
11633	11654	но в конечном счете займет место какого-нибудь там питона,	Веб, конечно, не пропадет,	contrast_m	9	5.555555555555555	0	9	0	5.555555555555555	1.0	4	5.75	1	4	1	5.75	1.0	0.262486328314493	3	1	1	1	0	0	0	0.3333333333333333	0.1111111111111111	0.1111111111111111	1	1	0	0	0	1	1	0	1	0	0	0	0.25	0.0	0.25	0	0	0	1	0
11634	11655	на котором будут детей в MIT учить	но в конечном счете займет место какого-нибудь там питона,	elaboration_r	7	4.0	0	7	0	4.0	1.0	9	5.555555555555555	0	9	0	5.555555555555555	1.0	0.682288239221013	1	1	0	0	1	0	0	0.14285714285714285	0.0	0.14285714285714285	2	0	0	0	1	3	1	1	1	0	0	0	0.3333333333333333	0.1111111111111111	0.1111111111111111	1	1	0	0	0
11635	11656	и ученые не слишком требовательные графики рисовать.	на котором будут детей в MIT учить	joint_m	7	6.571428571428571	0	7	0	6.571428571428571	1.0	7	4.0	0	7	0	4.0	1.0	0.505021581700237	2	1	1	1	0	0	0	0.2857142857142857	0.14285714285714285	0.14285714285714285	0	1	0	1	0	1	1	0	0	1	0	0	0.14285714285714285	0.0	0.14285714285714285	2	0	0	0	1
11636	11657	Почему?	Качество.	solutionhood_r	1	7.0	1	1	1	7.0	1.0	1	9.0	1	1	1	9.0	1.0	0.5773502691896257	0	0	0	1	0	0	0	0.0	0.0	0.0	0	0	0	0	0	1	0	0	0	0	0	0	1.0	0.0	0.0	0	0	0	0	0
11637	11658	Все, сделанное на вебе, просто не доводится до какого-то сносного качества.	Качество.	elaboration_r	11	5.909090909090909	1	11	1	5.909090909090909	1.0	1	9.0	1	1	1	9.0	1.0	0.0006160238663161714	2	2	1	0	0	0	0	0.18181818181818182	0.09090909090909091	0.18181818181818182	2	0	0	2	1	1	0	0	0	0	0	0	1.0	0.0	0.0	0	0	0	0	0
11638	11659	Да, на вебе можно начать,	Все, сделанное на вебе, просто не доводится до какого-то сносного качества.	elaboration_r	5	4.2	1	5	1	4.2	1.0	11	5.909090909090909	1	11	1	5.909090909090909	1.0	0.5291502622129182	1	1	0	1	0	0	0	0.2	0.0	0.2	1	0	0	1	0	2	2	1	0	0	0	0	0.18181818181818182	0.09090909090909091	0.18181818181818182	2	0	0	2	1
11639	11660	и это будет быстрый старт.	Да, на вебе можно начать,	evaluation_r	5	4.4	0	5	0	4.4	1.0	5	4.2	1	5	1	4.2	1.0	0.5764736634913938	1	0	1	0	1	0	0	0.2	0.2	0.0	0	1	0	0	1	1	1	0	1	0	0	0	0.2	0.0	0.2	1	0	0	1	0
11640	11661	Но веб нельзя дожать до приемлимого состояния.	Да, на вебе можно начать,	contrast_m	7	5.714285714285714	1	7	1	5.714285714285714	1.0	5	4.2	1	5	1	4.2	1.0	0.35599761755775666	2	1	1	1	0	0	0	0.2857142857142857	0.14285714285714285	0.14285714285714285	1	1	0	0	0	1	1	0	1	0	0	0	0.2	0.0	0.2	1	0	0	1	0
11641	11662	От слова никак.	Но веб нельзя дожать до приемлимого состояния.	evaluation_r	3	4.333333333333333	1	3	1	4.333333333333333	1.0	7	5.714285714285714	1	7	1	5.714285714285714	1.0	0.48900964692182575	1	0	0	1	0	0	0	0.3333333333333333	0.0	0.0	1	0	0	0	0	2	1	1	1	0	0	0	0.2857142857142857	0.14285714285714285	0.14285714285714285	1	1	0	0	0
11642	11663	Обязательно будет смешно, плохо и стыдно,	Но веб нельзя дожать до приемлимого состояния.	cause_r	6	6.0	1	6	1	6.0	1.0	7	5.714285714285714	1	7	1	5.714285714285714	1.0	0.8209220690651828	0	0	2	2	1	0	0	0.0	0.3333333333333333	0.0	0	1	0	0	0	2	1	1	1	0	0	0	0.2857142857142857	0.14285714285714285	0.14285714285714285	1	1	0	0	0
11643	11664	а хорошо и быстро — никогда.	Обязательно будет смешно, плохо и стыдно,	contrast_m	6	3.8333333333333335	0	6	0	3.8333333333333335	1.0	6	6.0	1	6	1	6.0	1.0	0.6984302957695782	0	0	0	3	0	0	0	0.0	0.0	0.0	0	2	0	0	0	0	0	2	2	1	0	0	0.0	0.3333333333333333	0.0	0	1	0	0	0
11644	11665	Все веб-программисты на самом деле верят, что это они недостаточно стараются,	Но веб нельзя дожать до приемлимого состояния.	elaboration_r	11	6.090909090909091	1	11	1	6.090909090909091	1.0	7	5.714285714285714	1	7	1	5.714285714285714	1.0	0.4571357960997611	2	2	1	1	0	0	0	0.18181818181818182	0.09090909090909091	0.18181818181818182	1	0	1	1	1	2	1	1	1	0	0	0	0.2857142857142857	0.14285714285714285	0.14285714285714285	1	1	0	0	0
11645	11666	но если было бы время,	можно было бы сделать нормально.	condition_r	5	3.6	0	5	0	3.6	1.0	5	5.6	0	5	0	5.6	1.0	0.7288689868556626	1	1	0	0	0	0	0	0.2	0.0	0.2	0	1	1	1	0	0	1	0	2	1	0	0	0.0	0.0	0.2	0	0	0	1	0
11646	11667	можно было бы сделать нормально.	Все веб-программисты на самом деле верят, что это они недостаточно стараются,	contrast_m	5	5.6	0	5	0	5.6	1.0	11	6.090909090909091	1	11	1	6.090909090909091	1.0	0.5582905262390826	0	1	0	2	1	0	0	0.0	0.0	0.2	0	0	0	1	0	2	2	1	1	0	0	0	0.18181818181818182	0.09090909090909091	0.18181818181818182	1	0	1	1	1
11647	11668	На этом самообмане вообще вся веб-индустрия держится.	Все веб-программисты на самом деле верят, что это они недостаточно стараются,	evaluation_r	7	6.714285714285714	1	7	1	6.714285714285714	1.0	11	6.090909090909091	1	11	1	6.090909090909091	1.0	0.7472894743280936	2	1	0	1	0	0	0	0.2857142857142857	0.0	0.14285714285714285	1	0	0	0	0	2	2	1	1	0	0	0	0.18181818181818182	0.09090909090909091	0.18181818181818182	1	0	1	1	1
11648	11669	Но нет. Нельзя.	Все веб-программисты на самом деле верят, что это они недостаточно стараются,	contrast_m	3	4.333333333333333	2	3	2	4.333333333333333	1.0	11	6.090909090909091	1	11	1	6.090909090909091	1.0	0.3418817293789138	0	0	0	1	0	0	0	0.0	0.0	0.0	0	1	0	1	0	2	2	1	1	0	0	0	0.18181818181818182	0.09090909090909091	0.18181818181818182	1	0	1	1	1
11649	11670	Ни за какие деньги.	Но нет. Нельзя.	condition_r	4	4.0	1	4	1	4.0	1.0	3	4.333333333333333	2	3	2	4.333333333333333	1.0	0.5932855397749207	1	0	0	0	0	0	0	0.25	0.0	0.0	1	0	0	1	0	0	0	0	1	0	0	0	0.0	0.0	0.0	0	1	0	1	0
11650	11671	Просто физически невозможно.	Но нет. Нельзя.	condition_r	3	8.666666666666666	1	3	1	8.666666666666666	1.0	3	4.333333333333333	2	3	2	4.333333333333333	1.0	0.32560200775480186	0	0	1	1	0	0	0	0.0	0.3333333333333333	0.0	0	0	0	1	0	0	0	0	1	0	0	0	0.0	0.0	0.0	0	1	0	1	0
11651	11672	С адблоком и reader mode жить можно.	Ладно, простые статические страницы с текстом — ок, может быть.	joint_m	7	4.285714285714286	1	7	1	4.285714285714286	1.0	10	5.4	1	10	1	5.4	1.0	0.6042179781166438	1	1	0	1	0	0	0	0.14285714285714285	0.0	0.14285714285714285	1	1	0	0	0	2	2	2	1	0	0	0	0.2	0.2	0.2	1	0	0	1	0
11652	11673	Хотя и тут есть умельцы,	которые умудряются сто слов отрендерить в страницу в 20 мегабайт,	evaluation_r	5	4.0	1	5	1	4.0	1.0	10	5.6	0	9	0	5.6	0.9	0.5817744738827396	1	1	0	1	0	0	0	0.2	0.0	0.2	0	0	1	1	0	3	2	0	0	0	2	0	0.3	0.0	0.2	2	0	0	0	1
11653	11674	которые умудряются сто слов отрендерить в страницу в 20 мегабайт,	Ладно, простые статические страницы с текстом — ок, может быть.	concession_r	10	5.6	0	9	0	5.6	0.9	10	5.4	1	10	1	5.4	1.0	0.8367419210536923	3	2	0	0	0	2	0	0.3	0.0	0.2	2	0	0	0	1	2	2	2	1	0	0	0	0.2	0.2	0.2	1	0	0	1	0
11654	11675	потому что технологии, инновации и disruption.	которые умудряются сто слов отрендерить в страницу в 20 мегабайт,	cause_r	6	6.833333333333333	0	6	0	6.833333333333333	1.0	10	5.6	0	9	0	5.6	0.9	0.6324555320336759	2	0	0	1	0	0	0	0.3333333333333333	0.0	0.0	0	1	1	0	0	3	2	0	0	0	2	0	0.3	0.0	0.2	2	0	0	0	1
11655	11676	Что-то чуть сложнее — все,	Сразу вешайтесь.	solutionhood_r	5	4.4	0	5	0	4.4	1.0	2	7.5	1	2	1	7.5	1.0	0.37848698581337653	0	0	1	1	0	0	0	0.0	0.2	0.0	0	0	0	0	2	0	1	0	1	0	0	0	0.0	0.0	0.5	0	0	0	0	0
11656	11677	говно лезет из всех щелей.	Что-то чуть сложнее — все,	evaluation_r	5	4.4	0	5	0	4.4	1.0	5	4.4	0	5	0	4.4	1.0	0.7337993857053428	1	1	0	1	0	0	0	0.2	0.0	0.2	1	0	0	0	0	0	0	1	1	0	0	0	0.0	0.2	0.0	0	0	0	0	2
11657	11678	Веб-приложения?	Что-то чуть сложнее — все,	elaboration_r	1	15.0	0	1	0	15.0	1.0	5	4.4	0	5	0	4.4	1.0	0.5188745216627708	1	0	0	0	0	0	0	1.0	0.0	0.0	0	0	0	0	0	0	0	1	1	0	0	0	0.0	0.2	0.0	0	0	0	0	2
11658	11679	Интерфейсы?	Веб-приложения?	joint_m	1	11.0	1	1	1	11.0	1.0	1	15.0	0	1	0	15.0	1.0	0.5773502691896257	1	0	0	0	0	0	0	1.0	0.0	0.0	0	0	0	0	0	1	0	0	0	0	0	0	1.0	0.0	0.0	0	0	0	0	0
11659	11680	Сразу вешайтесь.	Ладно, простые статические страницы с текстом — ок, может быть.	contrast_m	2	7.5	1	2	1	7.5	1.0	10	5.4	1	10	1	5.4	1.0	0.3984095364447979	0	1	0	1	0	0	0	0.0	0.0	0.5	0	0	0	0	0	2	2	2	1	0	0	0	0.2	0.2	0.2	1	0	0	1	0
11660	11681	Веб не создан	Нет ни одного человека, который бы искренне любил веб-версию чего-либо	background_r	3	3.6666666666666665	1	3	1	3.6666666666666665	1.0	10	6.1	1	10	1	6.1	1.0	0.3964124835860459	1	1	0	0	0	0	0	0.3333333333333333	0.0	0.3333333333333333	0	0	0	1	0	2	2	0	1	0	1	0	0.2	0.0	0.2	0	0	0	2	2
11661	11682	для приложений	Веб не создан	purpose_r	2	6.5	0	2	0	6.5	1.0	3	3.6666666666666665	1	3	1	3.6666666666666665	1.0	0.5742566831466842	1	0	0	0	0	0	0	0.5	0.0	0.0	1	0	0	0	0	1	1	0	0	0	0	0	0.3333333333333333	0.0	0.3333333333333333	0	0	0	1	0
11662	11683	и не развивается в эту сторону даже.	Веб не создан	joint_m	7	4.285714285714286	0	7	0	4.285714285714286	1.0	3	3.6666666666666665	1	3	1	3.6666666666666665	1.0	0.1568041332246199	1	1	0	0	0	0	0	0.14285714285714285	0.0	0.14285714285714285	1	1	0	2	0	1	1	0	0	0	0	0	0.3333333333333333	0.0	0.3333333333333333	0	0	0	1	0
11663	11684	Нет ни одного человека, который бы искренне любил веб-версию чего-либо	Сразу вешайтесь.	cause_r	10	6.1	1	10	1	6.1	1.0	2	7.5	1	2	1	7.5	1.0	0.025663588733749524	2	2	0	1	0	1	0	0.2	0.0	0.2	0	0	0	2	2	0	1	0	1	0	0	0	0.0	0.0	0.5	0	0	0	0	0
11664	11685	и предпочитал ее нативной.	Нет ни одного человека, который бы искренне любил веб-версию чего-либо	joint_m	4	5.75	0	4	0	5.75	1.0	10	6.1	1	10	1	6.1	1.0	0.5606119105813882	0	1	1	0	0	0	0	0.0	0.25	0.25	0	1	0	0	1	2	2	0	1	0	1	0	0.2	0.0	0.2	0	0	0	2	2
11665	11686	Как только появляется альтернатива, даже иллюзия альтернативы, даже электрон-приложение,	— всё, команда с крысами покинула корабль.	condition_r	9	8.88888888888889	1	8	1	8.88888888888889	0.8888888888888888	7	5.142857142857143	0	7	0	5.142857142857143	1.0	0.2919405909746785	4	1	0	0	0	0	0	0.4444444444444444	0.0	0.1111111111111111	0	0	1	3	0	3	1	0	0	0	0	0	0.42857142857142855	0.0	0.14285714285714285	1	0	0	0	1
11666	11687	— всё, команда с крысами покинула корабль.	Нет ни одного человека, который бы искренне любил веб-версию чего-либо	cause_r	7	5.142857142857143	0	7	0	5.142857142857143	1.0	10	6.1	1	10	1	6.1	1.0	0.6324555320336759	3	1	0	0	0	0	0	0.42857142857142855	0.0	0.14285714285714285	1	0	0	0	1	2	2	0	1	0	1	0	0.2	0.0	0.2	0	0	0	2	2
11667	11688	можно только если очень, очень сильно смотреть на какой-то очень и очень частный случай сквозь пальцы,	Сказать, что веб-приложение работает «нормально»	condition_r	16	5.4375	0	14	0	5.4375	0.875	5	8.8	1	5	1	8.8	1.0	0.3000475034278058	2	1	1	6	0	0	0	0.125	0.0625	0.0625	2	1	1	1	0	1	2	0	1	0	0	0	0.2	0.0	0.4	0	0	1	0	0
11668	11689	стиснутые настолько сильно,	можно только если очень, очень сильно смотреть на какой-то очень и очень частный случай сквозь пальцы,	elaboration_r	3	8.333333333333334	0	3	0	8.333333333333334	1.0	16	5.4375	0	14	0	5.4375	0.875	0.5144957554275266	0	1	0	2	0	0	0	0.0	0.0	0.3333333333333333	0	0	0	0	0	2	1	1	6	0	0	0	0.125	0.0625	0.0625	2	1	1	1	0
11669	11690	что они превращаются в фейспалм,	стиснутые настолько сильно,	evaluation_r	5	5.6	0	5	0	5.6	1.0	3	8.333333333333334	0	3	0	8.333333333333334	1.0	0.5983526677990203	1	1	0	0	0	0	0	0.2	0.0	0.2	1	0	1	0	1	0	1	0	2	0	0	0	0.0	0.0	0.3333333333333333	0	0	0	0	0
11670	11691	и только если очень, очень верить в идею веба	можно только если очень, очень сильно смотреть на какой-то очень и очень частный случай сквозь пальцы,	joint_m	9	4.111111111111111	0	9	0	4.111111111111111	1.0	16	5.4375	0	14	0	5.4375	0.875	0.6183469424008423	2	1	0	2	0	0	0	0.2222222222222222	0.0	0.1111111111111111	1	1	1	1	0	2	1	1	6	0	0	0	0.125	0.0625	0.0625	2	1	1	1	0
11671	11692	и хотеть это «нормально» увидеть.	и только если очень, очень верить в идею веба	joint_m	5	5.8	0	5	0	5.8	1.0	9	4.111111111111111	0	9	0	4.111111111111111	1.0	0.7302967433402214	0	2	1	0	0	0	0	0.0	0.2	0.4	0	1	0	0	1	2	1	0	2	0	0	0	0.2222222222222222	0.0	0.1111111111111111	1	1	1	1	0
11672	11693	В определенных условиях на определенной мощности машине	страничка может проскроллиться относительно плавно.	condition_r	7	7.0	1	7	1	7.0	1.0	5	9.4	0	5	0	9.4	1.0	0.7549045763939076	3	1	1	0	0	0	0	0.42857142857142855	0.14285714285714285	0.14285714285714285	2	0	0	0	0	1	2	0	2	0	0	0	0.2	0.0	0.4	0	0	0	0	0
11673	11694	страничка может проскроллиться относительно плавно.	Сказать, что веб-приложение работает «нормально»	elaboration_r	5	9.4	0	5	0	9.4	1.0	5	8.8	1	5	1	8.8	1.0	0.8135555770434166	1	2	0	2	0	0	0	0.2	0.0	0.4	0	0	0	0	0	1	2	0	1	0	0	0	0.2	0.0	0.4	0	0	1	0	0
11674	11695	В определенном месте экватора сайт может открыться условно быстро,	страничка может проскроллиться относительно плавно.	joint_m	9	6.444444444444445	1	9	1	6.444444444444445	1.0	5	9.4	0	5	0	9.4	1.0	0.6681487637140014	3	2	1	2	0	0	0	0.3333333333333333	0.1111111111111111	0.2222222222222222	1	0	0	0	0	1	2	0	2	0	0	0	0.2	0.0	0.4	0	0	0	0	0
11675	11696	а в определенное время конкретного дня в веб-консоли даже не будет ни одной ошибки.	страничка может проскроллиться относительно плавно.	joint_m	14	5.0	0	13	0	5.0	0.9285714285714286	5	9.4	0	5	0	9.4	1.0	0.4609015958065827	4	2	1	0	0	1	0	0.2857142857142857	0.07142857142857142	0.14285714285714285	2	1	0	3	0	1	2	0	2	0	0	0	0.2	0.0	0.4	0	0	0	0	0
11676	11697	Но если взять платформу в целом,	иллюзия пропадает.	condition_r	6	4.5	1	6	1	4.5	1.0	2	8.5	0	2	0	8.5	1.0	0.3751196145152372	2	1	0	0	0	0	0	0.3333333333333333	0.0	0.16666666666666666	1	1	1	0	0	1	1	0	0	0	0	0	0.5	0.0	0.5	0	0	0	0	0
11677	11698	без сверхподвигов и свехржертв,	иллюзия пропадает.	condition_r	4	7.0	0	4	0	7.0	1.0	2	8.5	0	2	0	8.5	1.0	0.36199837552252145	2	0	0	0	0	0	0	0.5	0.0	0.0	1	1	0	0	0	1	1	0	0	0	0	0	0.5	0.0	0.5	0	0	0	0	0
11678	11699	иллюзия пропадает.	Начинается бесконечный поток убогостей, шероховатостей, заусенцев, тормозов, проблем, ошибок,	cause_r	2	8.5	0	2	0	8.5	1.0	9	9.444444444444445	1	9	1	9.444444444444445	1.0	0.3879917968315853	1	1	0	0	0	0	0	0.5	0.0	0.5	0	0	0	0	0	7	1	1	0	0	0	0	0.7777777777777778	0.1111111111111111	0.1111111111111111	0	0	0	0	0
11679	11700	Если дать на нее посмотреть человеку,	иллюзия пропадает.	condition_r	6	5.333333333333333	1	6	1	5.333333333333333	1.0	2	8.5	0	2	0	8.5	1.0	0.2841400269730047	1	2	0	0	0	0	0	0.16666666666666666	0.0	0.3333333333333333	1	0	1	0	1	1	1	0	0	0	0	0	0.5	0.0	0.5	0	0	0	0	0
11680	11701	не укушенному веб-пропагандой,	Если дать на нее посмотреть человеку,	condition_r	3	9.333333333333334	0	3	0	9.333333333333334	1.0	6	5.333333333333333	1	6	1	5.333333333333333	1.0	0.7352146220938077	1	1	0	0	0	0	0	0.3333333333333333	0.0	0.3333333333333333	0	0	0	1	0	1	2	0	0	0	0	0	0.16666666666666666	0.0	0.3333333333333333	1	0	1	0	1
11681	11702	иллюзия пропадает.	иллюзия пропадает.	joint_m	2	8.5	0	2	0	8.5	1.0	2	8.5	0	2	0	8.5	1.0	1.0	1	1	0	0	0	0	0	0.5	0.0	0.5	0	0	0	0	0	1	1	0	0	0	0	0	0.5	0.0	0.5	0	0	0	0	0
11682	11703	Как только приложение открывает кто-то, отличный от его собственного разработчика на гигабитном интернете и двенадцатиядерном аймаке про,	иллюзия пропадает.	condition_r	17	7.117647058823529	1	17	1	7.117647058823529	1.0	2	8.5	0	2	0	8.5	1.0	0.0012683954164682942	4	1	4	0	0	0	0	0.23529411764705882	0.23529411764705882	0.058823529411764705	3	1	1	1	2	1	1	0	0	0	0	0	0.5	0.0	0.5	0	0	0	0	0
11683	11704	иллюзия пропадает.	иллюзия пропадает.	joint_m	2	8.5	0	2	0	8.5	1.0	2	8.5	0	2	0	8.5	1.0	1.0	1	1	0	0	0	0	0	0.5	0.0	0.5	0	0	0	0	0	1	1	0	0	0	0	0	0.5	0.0	0.5	0	0	0	0	0
11684	11705	которые в принципе не устранить никаким образом.	Начинается бесконечный поток убогостей, шероховатостей, заусенцев, тормозов, проблем, ошибок,	elaboration_r	7	6.0	0	7	0	6.0	1.0	9	9.444444444444445	1	9	1	9.444444444444445	1.0	0.672021505032247	2	1	0	0	0	0	0	0.2857142857142857	0.0	0.14285714285714285	1	0	0	1	1	7	1	1	0	0	0	0	0.7777777777777778	0.1111111111111111	0.1111111111111111	0	0	0	0	0
11685	11706	Даже если у разработчика есть внимание и желание возиться с такими глупостями,	— нет, оно не исправляется в принципе.	condition_r	12	5.583333333333333	1	12	1	5.583333333333333	1.0	7	4.571428571428571	0	7	0	4.571428571428571	1.0	0.32028094750718616	4	2	0	0	0	0	0	0.3333333333333333	0.0	0.16666666666666666	2	1	1	1	0	1	1	0	0	0	0	0	0.14285714285714285	0.0	0.14285714285714285	1	0	0	2	1
11686	11707	даже если приложить бесконенчые усилия	Даже если у разработчика есть внимание и желание возиться с такими глупостями,	joint_m	5	6.8	0	5	0	6.8	1.0	12	5.583333333333333	1	12	1	5.583333333333333	1.0	0.6793662204867574	1	1	1	0	0	0	0	0.2	0.2	0.2	0	0	1	1	0	4	2	0	0	0	0	0	0.3333333333333333	0.0	0.16666666666666666	2	1	1	1	0
11687	11708	— нет, оно не исправляется в принципе.	которые в принципе не устранить никаким образом.	elaboration_r	7	4.571428571428571	0	7	0	4.571428571428571	1.0	7	6.0	0	7	0	6.0	1.0	0.7772815877574012	1	1	0	0	0	0	0	0.14285714285714285	0.0	0.14285714285714285	1	0	0	2	1	2	1	0	0	0	0	0	0.2857142857142857	0.0	0.14285714285714285	1	0	0	1	1
11688	11709	Я знаю, я сам такой разработчик,	— нет, оно не исправляется в принципе.	evidence_r	6	4.5	1	6	1	4.5	1.0	7	4.571428571428571	0	7	0	4.571428571428571	1.0	0.6688560540599386	1	1	1	0	0	0	0	0.16666666666666666	0.16666666666666666	0.16666666666666666	0	0	0	0	2	1	1	0	0	0	0	0	0.14285714285714285	0.0	0.14285714285714285	1	0	0	2	1
11689	11710	и я пробовал много раз,	Я знаю, я сам такой разработчик,	joint_m	5	3.8	0	5	0	3.8	1.0	6	4.5	1	6	1	4.5	1.0	0.7288689868556626	1	1	0	1	0	0	0	0.2	0.0	0.2	0	1	0	0	1	1	1	1	0	0	0	0	0.16666666666666666	0.16666666666666666	0.16666666666666666	0	0	0	0	2
11690	11711	и много раз обжигался.	Я знаю, я сам такой разработчик,	joint_m	4	4.75	0	4	0	4.75	1.0	6	4.5	1	6	1	4.5	1.0	0.6846531968814576	1	1	0	1	0	0	0	0.25	0.0	0.25	0	1	0	0	0	1	1	1	0	0	0	0	0.16666666666666666	0.16666666666666666	0.16666666666666666	0	0	0	0	2
11691	11712	Хотя когда смотришь издалека,	на бумаге, вроде все хорошо.	condition_r	4	6.5	1	4	1	6.5	1.0	5	4.8	0	5	0	4.8	1.0	0.7294078928258072	0	1	0	1	0	0	0	0.0	0.0	0.25	0	0	2	0	0	1	0	1	1	0	0	0	0.2	0.2	0.0	1	0	0	0	1
11692	11713	на бумаге, вроде все хорошо.	— нет, оно не исправляется в принципе.	concession_r	5	4.8	0	5	0	4.8	1.0	7	4.571428571428571	0	7	0	4.571428571428571	1.0	0.6882472016116853	1	0	1	1	0	0	0	0.2	0.2	0.0	1	0	0	0	1	1	1	0	0	0	0	0	0.14285714285714285	0.0	0.14285714285714285	1	0	0	2	1
11693	11714	Что может пойти не так?	Да все что угодно.	solutionhood_r	5	3.8	1	5	1	3.8	1.0	4	3.75	1	4	1	3.75	1.0	0.5645811725604077	0	2	0	1	0	0	0	0.0	0.0	0.4	0	0	0	1	1	0	0	1	0	0	0	0	0.0	0.25	0.0	0	0	0	1	2
11694	11715	Да все что угодно.	на бумаге, вроде все хорошо.	elaboration_r	4	3.75	1	4	1	3.75	1.0	5	4.8	0	5	0	4.8	1.0	0.7319250547113999	0	0	1	0	0	0	0	0.0	0.25	0.0	0	0	0	1	2	1	0	1	1	0	0	0	0.2	0.2	0.0	1	0	0	0	1
11695	11716	И не только может,	Да все что угодно.	elaboration_r	4	3.75	1	4	1	3.75	1.0	4	3.75	1	4	1	3.75	1.0	0.7071067811865476	0	1	0	0	0	0	0	0.0	0.0	0.25	0	1	0	2	0	0	0	1	0	0	0	0	0.0	0.25	0.0	0	0	0	1	2
11696	11717	но и пойдет, причем в самом неожиданном месте.	И не только может,	joint_m	8	4.875	0	8	0	4.875	1.0	4	3.75	1	4	1	3.75	1.0	0.18614808433413912	1	1	2	0	0	0	0	0.125	0.25	0.125	1	2	0	1	0	0	1	0	0	0	0	0	0.0	0.0	0.25	0	1	0	2	0
11697	11718	Веб это такой аналог российского автопрома	Да все что угодно.	comparison_m	6	6.166666666666667	1	6	1	6.166666666666667	1.0	4	3.75	1	4	1	3.75	1.0	0.22401449182988384	3	0	1	0	0	0	0	0.5	0.16666666666666666	0.0	0	0	0	0	1	0	0	1	0	0	0	0	0.0	0.25	0.0	0	0	0	1	2
11698	11719	— издалека вроде тоже машина,	Веб это такой аналог российского автопрома	elaboration_r	5	5.0	0	5	0	5.0	1.0	6	6.166666666666667	1	6	1	6.166666666666667	1.0	0.6725927091345493	1	0	0	2	0	0	0	0.2	0.0	0.0	0	0	0	1	0	3	0	1	0	0	0	0	0.5	0.16666666666666666	0.0	0	0	0	0	1
11699	11720	вроде тоже ездит,	— издалека вроде тоже машина,	joint_m	3	5.0	0	3	0	5.0	1.0	5	5.0	0	5	0	5.0	1.0	0.7427813527082074	0	1	0	1	0	0	0	0.0	0.0	0.3333333333333333	0	0	0	1	0	1	0	0	2	0	0	0	0.2	0.0	0.0	0	0	0	1	0
11700	11721	че еще надо-то?	— издалека вроде тоже машина,	joint_m	3	4.333333333333333	0	3	0	4.333333333333333	1.0	5	5.0	0	5	0	5.0	1.0	0.6158817620514396	0	0	0	1	0	0	0	0.0	0.0	0.0	0	0	0	1	1	1	0	0	2	0	0	0	0.2	0.0	0.0	0	0	0	1	0
11701	11722	Но, как мы все прекрасно знаем, есть нюанс.	Веб это такой аналог российского автопрома	contrast_m	8	4.5	1	8	1	4.5	1.0	6	6.166666666666667	1	6	1	6.166666666666667	1.0	0.7381432129078928	1	2	0	1	0	0	0	0.125	0.0	0.25	0	1	1	0	1	3	0	1	0	0	0	0	0.5	0.16666666666666666	0.0	0	0	0	0	1
11702	11723	Существует ли версия этой реальности,	А что WebAssebly?	preparation_r	5	6.6	1	5	1	6.6	1.0	3	5.0	1	3	1	5.0	1.0	0.14957907747046234	2	1	0	0	0	0	0	0.4	0.0	0.2	0	0	0	1	0	0	0	0	0	0	0	0	0.0	0.0	0.0	0	1	0	0	1
11703	11724	где веб вырастает во что-то более значимое?	Существует ли версия этой реальности,	condition_r	7	5.285714285714286	0	7	0	5.285714285714286	1.0	5	6.6	1	5	1	6.6	1.0	0.6556685402080409	1	1	1	2	0	0	0	0.14285714285714285	0.14285714285714285	0.14285714285714285	1	0	0	0	1	2	1	0	0	0	0	0	0.4	0.0	0.2	0	0	0	1	0
11704	11725	А как же WebAssembly?	Существует ли версия этой реальности,	joint_m	4	4.5	1	4	1	4.5	1.0	5	6.6	1	5	1	6.6	1.0	0.3676073110469039	0	0	0	1	0	0	0	0.0	0.0	0.0	0	1	0	1	0	2	1	0	0	0	0	0	0.4	0.0	0.2	0	0	0	1	0
11705	11726	Эта чехарда имеет смысл только только для людей, которые думают, что компьютеров нигде кроме браузера не существует.	А что WebAssebly?	evaluation_r	17	5.882352941176471	1	16	1	5.882352941176471	0.9411764705882353	3	5.0	1	3	1	5.0	1.0	0.0016037395988468118	5	3	0	1	0	0	0	0.29411764705882354	0.0	0.17647058823529413	2	0	1	3	1	0	0	0	0	0	0	0	0.0	0.0	0.0	0	1	0	0	1
11706	11727	Очнитесь, ребята, это еще один никому ненужный слой абстракции.	А что WebAssebly?	contrast_m	9	6.111111111111111	1	9	1	6.111111111111111	1.0	3	5.0	1	3	1	5.0	1.0	0.03623354003678668	3	1	1	1	0	1	0	0.3333333333333333	0.1111111111111111	0.1111111111111111	0	0	0	0	2	0	0	0	0	0	0	0	0.0	0.0	0.0	0	1	0	0	1
11707	11728	Мы с радостью себя отбросили на N лет назад	Очнитесь, ребята, это еще один никому ненужный слой абстракции.	elaboration_r	9	3.888888888888889	2	9	2	3.888888888888889	1.0	9	6.111111111111111	1	9	1	6.111111111111111	1.0	0.7453559924999299	2	1	0	1	0	0	0	0.2222222222222222	0.0	0.1111111111111111	2	0	0	0	2	3	1	1	1	0	1	0	0.3333333333333333	0.1111111111111111	0.1111111111111111	0	0	0	0	2
11708	11729	и теперь с радостью это преодолеваем.	Мы с радостью себя отбросили на N лет назад	joint_m	6	5.333333333333333	0	6	0	5.333333333333333	1.0	9	3.888888888888889	2	9	2	3.888888888888889	1.0	0.7624928516630234	1	1	0	1	0	0	0	0.16666666666666666	0.0	0.16666666666666666	1	1	0	0	1	2	1	0	1	0	0	0	0.2222222222222222	0.0	0.1111111111111111	2	0	0	0	2
11709	11730	WebAssembly — это попытка запихнуть в веб то, что без веба прекрасно работало уже несколько десятков лет как — С++ приложения.	А что WebAssebly?	elaboration_r	21	5.0476190476190474	1	20	1	5.0476190476190474	0.9523809523809523	3	5.0	1	3	1	5.0	1.0	0.0015425069795589315	6	2	0	2	0	1	0	0.2857142857142857	0.0	0.09523809523809523	2	0	2	0	2	0	0	0	0	0	0	0	0.0	0.0	0.0	0	1	0	0	1
11710	11731	Чтобы что?	Я не знаю чтобы что.	solutionhood_r	2	4.5	1	2	1	4.5	1.0	5	3.2	1	5	1	3.2	1.0	0.6324555320336759	0	0	0	0	0	0	0	0.0	0.0	0.0	0	0	1	0	1	0	1	0	0	0	0	0	0.0	0.0	0.2	0	0	1	1	2
11711	11732	Я не знаю чтобы что.	WebAssembly — это попытка запихнуть в веб то, что без веба прекрасно работало уже несколько десятков лет как — С++ приложения.	purpose_r	5	3.2	1	5	1	3.2	1.0	21	5.0476190476190474	1	20	1	5.0476190476190474	0.9523809523809523	0.3673154433462265	0	1	0	0	0	0	0	0.0	0.0	0.2	0	0	1	1	2	6	2	0	2	0	1	0	0.2857142857142857	0.0	0.09523809523809523	2	0	2	0	2
11712	11733	Чтобы условный Вася все равно качал себе Слак,	Я не знаю чтобы что.	contrast_m	8	4.875	3	8	3	4.875	1.0	5	3.2	1	5	1	3.2	1.0	0.22801645719121622	0	1	2	0	0	0	0	0.0	0.25	0.125	0	0	1	0	2	0	1	0	0	0	0	0	0.0	0.0	0.2	0	0	1	1	2
11713	11734	завернутый в Электрон,	Чтобы условный Вася все равно качал себе Слак,	elaboration_r	3	6.666666666666667	1	3	1	6.666666666666667	1.0	8	4.875	3	8	3	4.875	1.0	0.6255432421712244	0	1	0	0	0	0	0	0.0	0.0	0.3333333333333333	1	0	0	0	0	0	1	2	0	0	0	0	0.0	0.25	0.125	0	0	1	0	2
11714	11735	зато теперь написаный на WebAssembly.	завернутый в Электрон,	contrast_m	5	6.6	0	5	0	6.6	1.0	3	6.666666666666667	1	3	1	6.666666666666667	1.0	0.40340641805320665	0	1	0	1	0	0	0	0.0	0.0	0.2	1	1	0	0	0	0	1	0	0	0	0	0	0.0	0.0	0.3333333333333333	1	0	0	0	0
11715	11736	Смотри, мам, он почти как нативный,	Чтобы условный Вася все равно качал себе Слак,	elaboration_r	6	5.0	1	6	1	5.0	1.0	8	4.875	3	8	3	4.875	1.0	0.7071067811865476	1	1	1	1	0	0	0	0.16666666666666666	0.16666666666666666	0.16666666666666666	0	0	1	0	1	0	1	2	0	0	0	0	0.0	0.25	0.125	0	0	1	0	2
11716	11737	даже иконочка есть!	Смотри, мам, он почти как нативный,	elaboration_r	3	5.666666666666667	0	3	0	5.666666666666667	1.0	6	5.0	1	6	1	5.0	1.0	0.5855400437691199	1	1	0	0	0	0	0	0.3333333333333333	0.0	0.3333333333333333	0	0	0	1	0	1	1	1	1	0	0	0	0.16666666666666666	0.16666666666666666	0.16666666666666666	0	0	1	0	1
11717	11738	И почти не тормозит. Почти-почти.	Смотри, мам, он почти как нативный,	joint_m	5	5.8	1	5	1	5.8	1.0	6	5.0	1	6	1	5.0	1.0	0.7171371656006361	0	1	0	2	0	0	0	0.0	0.0	0.2	0	1	0	1	0	1	1	1	1	0	0	0	0.16666666666666666	0.16666666666666666	0.16666666666666666	0	0	1	0	1
11718	11739	Еще раз — попробуйте выкинуть говно веб-пропаганды из головы	WebAssembly — это попытка запихнуть в веб то, что без веба прекрасно работало уже несколько десятков лет как — С++ приложения.	evaluation_r	9	5.777777777777778	1	9	1	5.777777777777778	1.0	21	5.0476190476190474	1	20	1	5.0476190476190474	0.9523809523809523	0.6362090102803518	4	2	0	1	0	0	0	0.4444444444444444	0.0	0.2222222222222222	1	0	0	0	0	6	2	0	2	0	1	0	0.2857142857142857	0.0	0.09523809523809523	2	0	2	0	2
11719	11740	и взглянуть на это трезво.	Еще раз — попробуйте выкинуть говно веб-пропаганды из головы	joint_m	5	4.4	0	5	0	4.4	1.0	9	5.777777777777778	1	9	1	5.777777777777778	1.0	0.6055300708194984	0	1	0	1	0	0	0	0.0	0.0	0.2	1	1	0	0	1	4	2	0	1	0	0	0	0.4444444444444444	0.0	0.2222222222222222	1	0	0	0	0
11720	11741	В чем тут достижение-то?	Еще раз — попробуйте выкинуть говно веб-пропаганды из головы	evaluation_r	4	5.25	1	4	1	5.25	1.0	9	5.777777777777778	1	9	1	5.777777777777778	1.0	0.5163977794943222	0	0	0	1	0	0	0	0.0	0.0	0.0	1	0	0	1	1	4	2	0	1	0	0	0	0.4444444444444444	0.0	0.2222222222222222	1	0	0	0	0
11721	11742	Не то чтобы я НЕ хотел чтобы веб во что-то превратился.	И был момент лет десять назад когда многие в это верили	preparation_r	11	4.090909090909091	1	10	1	4.090909090909091	0.9090909090909091	11	4.090909090909091	1	11	1	4.090909090909091	1.0	0.7745966692414834	1	2	0	0	0	0	0	0.09090909090909091	0.0	0.18181818181818182	1	0	2	2	3	2	2	0	1	0	2	0	0.18181818181818182	0.0	0.18181818181818182	1	1	1	0	1
11722	11743	Я хотел, может, даже больше других.	Не то чтобы я НЕ хотел чтобы веб во что-то превратился.	contrast_m	6	5.0	1	6	1	5.0	1.0	11	4.090909090909091	1	10	1	4.090909090909091	0.9090909090909091	0.6324555320336759	0	2	1	0	0	1	0	0.0	0.16666666666666666	0.3333333333333333	0	0	0	1	1	1	2	0	0	0	0	0	0.09090909090909091	0.0	0.18181818181818182	1	0	2	2	3
11723	11744	и был еще шанс.	И был момент лет десять назад когда многие в это верили	joint_m	4	3.0	0	4	0	3.0	1.0	11	4.090909090909091	1	11	1	4.090909090909091	1.0	0.4670993664969138	1	1	0	1	0	0	0	0.25	0.0	0.25	0	1	0	0	0	2	2	0	1	0	2	0	0.18181818181818182	0.0	0.18181818181818182	1	1	1	0	1
11724	11745	Просто пора зафиксировать (давно пора,	что веб это веб, не больше и не меньше.	evaluation_r	5	6.8	1	5	1	6.8	1.0	9	3.4444444444444446	0	8	0	3.4444444444444446	0.8888888888888888	0.6201736729460423	2	1	0	1	0	0	0	0.4	0.0	0.2	0	0	0	1	0	2	0	0	1	0	1	0	0.2222222222222222	0.0	0.0	0	1	1	2	1
11725	11746	я просто немножко тормоз, конечно)	Просто пора зафиксировать (давно пора,	contrast_m	5	6.0	0	5	0	6.0	1.0	5	6.8	1	5	1	6.8	1.0	0.7254762501100117	1	0	0	2	0	0	0	0.2	0.0	0.0	0	0	0	1	1	2	1	0	1	0	0	0	0.4	0.0	0.2	0	0	0	1	0
11726	11747	что веб это веб, не больше и не меньше.	И был момент лет десять назад когда многие в это верили	sequence_m	9	3.4444444444444446	0	8	0	3.4444444444444446	0.8888888888888888	11	4.090909090909091	1	11	1	4.090909090909091	1.0	0.7261354744623948	2	0	0	1	0	1	0	0.2222222222222222	0.0	0.0	0	1	1	2	1	2	2	0	1	0	2	0	0.18181818181818182	0.0	0.18181818181818182	1	1	1	0	1
11727	11748	Все эти глюки, неровности, тормоза, неудобства, несовместимости, интервенции — это не временные мелкие неприятности,	что веб это веб, не больше и не меньше.	elaboration_r	14	7.357142857142857	1	14	1	7.357142857142857	1.0	9	3.4444444444444446	0	8	0	3.4444444444444446	0.8888888888888888	0.12379278558575886	7	0	2	0	0	0	0	0.5	0.14285714285714285	0.0	0	0	0	1	1	2	0	0	1	0	1	0	0.2222222222222222	0.0	0.0	0	1	1	2	1
11728	11749	которые вот-вот разрешатся со следующим апдейтом Хрома.	Все эти глюки, неровности, тормоза, неудобства, несовместимости, интервенции — это не временные мелкие неприятности,	elaboration_r	7	7.0	1	7	1	7.0	1.0	14	7.357142857142857	1	14	1	7.357142857142857	1.0	0.6297235299224025	1	1	1	1	0	0	0	0.14285714285714285	0.14285714285714285	0.14285714285714285	1	0	0	0	1	7	0	2	0	0	0	0	0.5	0.14285714285714285	0.0	0	0	0	1	1
11729	11750	Это неотъемлемые свойства платформы,	Все эти глюки, неровности, тормоза, неудобства, несовместимости, интервенции — это не временные мелкие неприятности,	evaluation_r	4	8.25	1	4	1	8.25	1.0	14	7.357142857142857	1	14	1	7.357142857142857	1.0	0.5169539431229293	2	0	1	0	0	0	0	0.5	0.25	0.0	0	0	0	0	1	7	0	2	0	0	0	0	0.5	0.14285714285714285	0.0	0	0	0	1	1
11730	11751	она такая сейчас	Это неотъемлемые свойства платформы,	evidence_r	3	4.666666666666667	0	3	0	4.666666666666667	1.0	4	8.25	1	4	1	8.25	1.0	0.5527707983925666	0	0	0	1	0	0	0	0.0	0.0	0.0	0	0	0	0	1	2	0	1	0	0	0	0	0.5	0.25	0.0	0	0	0	0	1
11731	11752	и примерно такой же будет всегда.	она такая сейчас	sequence_m	6	4.666666666666667	0	6	0	4.666666666666667	1.0	3	4.666666666666667	0	3	0	4.666666666666667	1.0	0.28654871432859325	0	1	0	2	0	0	0	0.0	0.0	0.16666666666666666	0	1	0	1	0	0	0	0	1	0	0	0	0.0	0.0	0.0	0	0	0	0	1
11732	11753	Надеяться уже в принципе не на что.	Это неотъемлемые свойства платформы,	joint_m	7	4.142857142857143	1	7	1	4.142857142857143	1.0	4	8.25	1	4	1	8.25	1.0	0.6871842709362768	1	1	0	1	0	0	0	0.14285714285714285	0.0	0.14285714285714285	2	0	0	1	1	2	0	1	0	0	0	0	0.5	0.25	0.0	0	0	0	0	1
11733	11754	И не то чтобы у меня было для вас что-то получше,	Надеяться уже в принципе не на что.	elaboration_r	11	3.5454545454545454	1	11	1	3.5454545454545454	1.0	7	4.142857142857143	1	7	1	4.142857142857143	1.0	0.5433905770962829	0	1	1	0	0	0	0	0.0	0.09090909090909091	0.09090909090909091	2	1	1	1	4	1	1	0	1	0	0	0	0.14285714285714285	0.0	0.14285714285714285	2	0	0	1	1
11734	11755	или что я могу сказать, где будущее.	И не то чтобы у меня было для вас что-то получше,	joint_m	7	4.285714285714286	0	7	0	4.285714285714286	1.0	11	3.5454545454545454	1	11	1	3.5454545454545454	1.0	0.6998542122237652	1	2	0	1	0	0	0	0.14285714285714285	0.0	0.2857142857142857	0	1	0	0	2	0	1	1	0	0	0	0	0.0	0.09090909090909091	0.09090909090909091	2	1	1	1	4
11735	11756	Все что я могу сказать что оно точно не здесь.	И не то чтобы у меня было для вас что-то получше,	contrast_m	10	3.7	1	9	1	3.7	0.9	11	3.5454545454545454	1	11	1	3.5454545454545454	1.0	0.8206518066482898	0	2	0	2	0	0	0	0.0	0.0	0.2	0	0	1	1	4	0	1	1	0	0	0	0	0.0	0.09090909090909091	0.09090909090909091	2	1	1	1	4
